{
  "OccNet chamfer-L1": 0.00411238525192726,
  "OccNet chamfer-L2": 6.21196859710631e-05,
  "OccNet normal consistency": 0.9716941790948693,
  "OccNet f-scores": 0.9647311442796379,
  "DeepSDF chamfer": 0.0001242393719421262,
  "VIoU": 0.9715662598609924,
  "Dice": 0.9855780955994812,
  "pred_is_watertight": true,
  "pred_is_volume": false,
  "num_vertices": 176220,
  "num_faces": 352352,
  "case_name": "s1248",
  "seed": 2024,
  "npy_path": "/home/bsc18/workplace/dataset/Totalsegmentator_dataset_v201_Liver/ok/sampled_20000/npy/3D_Reconstruction/s1248_Segment_1.npy",
  "gt_mesh_path": "/home/bsc18/workplace/dataset/Totalsegmentator_dataset_v201_Liver/ok/sampled_20000/mesh/s1248_Segment_1.stl",
  "final_loss": 0.07242619456648827,
  "model_type": "siren",
  "hidden_features": 128,
  "hidden_layers": 3,
  "first_w0": 15.0,
  "hidden_w0": 15.0,
  "lr": 5e-05,
  "epochs": 200,
  "batch_size": 2048,
  "grid_res": 256
}