{
  "OccNet chamfer-L1": 0.0034981960006981953,
  "OccNet chamfer-L2": 4.883793349180034e-05,
  "OccNet normal consistency": 0.978680164835044,
  "OccNet f-scores": 0.9739934464923443,
  "DeepSDF chamfer": 9.767586698360068e-05,
  "VIoU": 0.9779697060585022,
  "Dice": 0.9888621794214176,
  "pred_is_watertight": false,
  "pred_is_volume": false,
  "num_vertices": 151017,
  "num_faces": 301926,
  "case_name": "s1262",
  "seed": 2024,
  "npy_path": "/home/bsc18/workplace/dataset/Totalsegmentator_dataset_v201_Liver/ok/sampled_20000/npy/3D_Reconstruction/s1262_Segment_1.npy",
  "gt_mesh_path": "/home/bsc18/workplace/dataset/Totalsegmentator_dataset_v201_Liver/ok/sampled_20000/mesh/s1262_Segment_1.stl",
  "final_loss": 0.05760178778767586,
  "model_type": "siren",
  "hidden_features": 128,
  "hidden_layers": 3,
  "first_w0": 15.0,
  "hidden_w0": 15.0,
  "lr": 5e-05,
  "epochs": 200,
  "batch_size": 2048,
  "grid_res": 256
}