{
  "OccNet chamfer-L1": 0.004451185063161819,
  "OccNet chamfer-L2": 0.00014462752095315923,
  "OccNet normal consistency": 0.9659206200829848,
  "OccNet f-scores": 0.954128880656369,
  "DeepSDF chamfer": 0.00028925504190631846,
  "VIoU": 0.9484953284263611,
  "Dice": 0.973566943160522,
  "pred_is_watertight": true,
  "pred_is_volume": false,
  "num_vertices": 111676,
  "num_faces": 223232,
  "case_name": "s1100",
  "seed": 2024,
  "npy_path": "/home/bsc18/workplace/dataset/Totalsegmentator_dataset_v201_Liver/ok/sampled_20000/npy/3D_Reconstruction/s1100_Segment_1.npy",
  "gt_mesh_path": "/home/bsc18/workplace/dataset/Totalsegmentator_dataset_v201_Liver/ok/sampled_20000/mesh/s1100_Segment_1.stl",
  "final_loss": 0.05978914909958839,
  "model_type": "siren",
  "hidden_features": 128,
  "hidden_layers": 3,
  "first_w0": 15.0,
  "hidden_w0": 15.0,
  "lr": 5e-05,
  "epochs": 200,
  "batch_size": 2048,
  "grid_res": 256
}