{
  "OccNet chamfer-L1": 0.0026292437641096157,
  "OccNet chamfer-L2": 1.0133540893361631e-05,
  "OccNet normal consistency": 0.973973949146882,
  "OccNet f-scores": 0.9936947686424473,
  "DeepSDF chamfer": 2.0267081786723262e-05,
  "VIoU": 0.9798500537872314,
  "Dice": 0.9898224868036342,
  "pred_is_watertight": true,
  "pred_is_volume": false,
  "num_vertices": 134088,
  "num_faces": 268172,
  "case_name": "s0040",
  "seed": 2024,
  "npy_path": "/home/bsc18/workplace/dataset/Totalsegmentator_dataset_v201_Liver/ok/sampled_20000/npy/3D_Reconstruction/s0040_Segment_1.npy",
  "gt_mesh_path": "/home/bsc18/workplace/dataset/Totalsegmentator_dataset_v201_Liver/ok/sampled_20000/mesh/s0040_Segment_1.stl",
  "final_loss": 0.052249853378534314,
  "model_type": "relu",
  "hidden_features": 128,
  "hidden_layers": 5,
  "lr": 0.001,
  "epochs": 600,
  "batch_size": 2048,
  "grid_res": 256
}