{
  "OccNet chamfer-L1": 0.003745394584636066,
  "OccNet chamfer-L2": 6.723039077470209e-05,
  "OccNet normal consistency": 0.9750500767694216,
  "OccNet f-scores": 0.9700342248942604,
  "DeepSDF chamfer": 0.00013446078154940417,
  "VIoU": 0.9734679460525513,
  "Dice": 0.9865556275031031,
  "pred_is_watertight": true,
  "pred_is_volume": false,
  "num_vertices": 145530,
  "num_faces": 290972,
  "case_name": "s1332",
  "seed": 2024,
  "npy_path": "/home/bsc18/workplace/dataset/Totalsegmentator_dataset_v201_Liver/ok/sampled_20000/npy/3D_Reconstruction/s1332_Segment_1.npy",
  "gt_mesh_path": "/home/bsc18/workplace/dataset/Totalsegmentator_dataset_v201_Liver/ok/sampled_20000/mesh/s1332_Segment_1.stl",
  "final_loss": 0.060206881165504454,
  "model_type": "siren",
  "hidden_features": 128,
  "hidden_layers": 3,
  "first_w0": 15.0,
  "hidden_w0": 15.0,
  "lr": 5e-05,
  "epochs": 200,
  "batch_size": 2048,
  "grid_res": 256
}