{
  "OccNet chamfer-L1": 0.011373064344450684,
  "OccNet chamfer-L2": 0.0017611191740595237,
  "OccNet normal consistency": 0.9416806372237437,
  "OccNet f-scores": 0.8931421500365295,
  "DeepSDF chamfer": 0.0035222383481190475,
  "VIoU": 0.9688267707824707,
  "Dice": 0.9841666021302343,
  "pred_is_watertight": true,
  "pred_is_volume": false,
  "num_vertices": 177952,
  "num_faces": 355352,
  "case_name": "s1386",
  "seed": 2024,
  "npy_path": "/home/bsc18/workplace/dataset/Totalsegmentator_dataset_v201_Liver/ok/sampled_20000/npy/3D_Reconstruction/s1386_Segment_1.npy",
  "gt_mesh_path": "/home/bsc18/workplace/dataset/Totalsegmentator_dataset_v201_Liver/ok/sampled_20000/mesh/s1386_Segment_1.stl",
  "final_loss": 0.01851858892142773,
  "model_type": "siren",
  "hidden_features": 128,
  "hidden_layers": 3,
  "first_w0": 15.0,
  "hidden_w0": 15.0,
  "lr": 5e-05,
  "epochs": 200,
  "batch_size": 2048,
  "grid_res": 256
}