{
  "OccNet chamfer-L1": 0.0032074071763242814,
  "OccNet chamfer-L2": 7.156038835988982e-05,
  "OccNet normal consistency": 0.9738498460189352,
  "OccNet f-scores": 0.9750436760025625,
  "DeepSDF chamfer": 0.00014312077671977964,
  "VIoU": 0.9805212020874023,
  "Dice": 0.9901648047598819,
  "pred_is_watertight": true,
  "pred_is_volume": false,
  "num_vertices": 133842,
  "num_faces": 267568,
  "case_name": "s0082",
  "seed": 2024,
  "npy_path": "/home/bsc18/workplace/dataset/Totalsegmentator_dataset_v201_Liver/ok/sampled_20000/npy/3D_Reconstruction/s0082_Segment_1.npy",
  "gt_mesh_path": "/home/bsc18/workplace/dataset/Totalsegmentator_dataset_v201_Liver/ok/sampled_20000/mesh/s0082_Segment_1.stl",
  "final_loss": 0.03191664830446243,
  "model_type": "siren",
  "hidden_features": 128,
  "hidden_layers": 3,
  "first_w0": 15.0,
  "hidden_w0": 15.0,
  "lr": 5e-05,
  "epochs": 200,
  "batch_size": 2048,
  "grid_res": 256
}