{
  "OccNet chamfer-L1": 0.004086381634993016,
  "OccNet chamfer-L2": 8.026890963507329e-05,
  "OccNet normal consistency": 0.9717409558733558,
  "OccNet f-scores": 0.9575138620973669,
  "DeepSDF chamfer": 0.00016053781927014658,
  "VIoU": 0.9670205116271973,
  "Dice": 0.9832337986669559,
  "pred_is_watertight": true,
  "pred_is_volume": false,
  "num_vertices": 141033,
  "num_faces": 281954,
  "case_name": "s0754",
  "seed": 2024,
  "npy_path": "/home/bsc18/workplace/dataset/Totalsegmentator_dataset_v201_Liver/ok/sampled_20000/npy/3D_Reconstruction/s0754_Segment_1.npy",
  "gt_mesh_path": "/home/bsc18/workplace/dataset/Totalsegmentator_dataset_v201_Liver/ok/sampled_20000/mesh/s0754_Segment_1.stl",
  "final_loss": 0.06071688554286957,
  "model_type": "siren",
  "hidden_features": 128,
  "hidden_layers": 3,
  "first_w0": 15.0,
  "hidden_w0": 15.0,
  "lr": 5e-05,
  "epochs": 200,
  "batch_size": 2048,
  "grid_res": 256
}