{
  "OccNet chamfer-L1": 0.0039436538201846096,
  "OccNet chamfer-L2": 0.00010362163255953182,
  "OccNet normal consistency": 0.9712715343381308,
  "OccNet f-scores": 0.9675007225779798,
  "DeepSDF chamfer": 0.00020724326511906363,
  "VIoU": 0.9747928380966187,
  "Dice": 0.9872355359437806,
  "pred_is_watertight": true,
  "pred_is_volume": false,
  "num_vertices": 137362,
  "num_faces": 274600,
  "case_name": "s0446",
  "seed": 2024,
  "npy_path": "/home/bsc18/workplace/dataset/Totalsegmentator_dataset_v201_Liver/ok/sampled_20000/npy/3D_Reconstruction/s0446_Segment_1.npy",
  "gt_mesh_path": "/home/bsc18/workplace/dataset/Totalsegmentator_dataset_v201_Liver/ok/sampled_20000/mesh/s0446_Segment_1.stl",
  "final_loss": 0.06551528480052948,
  "model_type": "siren",
  "hidden_features": 128,
  "hidden_layers": 3,
  "first_w0": 15.0,
  "hidden_w0": 15.0,
  "lr": 5e-05,
  "epochs": 200,
  "batch_size": 2048,
  "grid_res": 256
}