{
  "OccNet chamfer-L1": 0.004122854928558711,
  "OccNet chamfer-L2": 0.00010138265887567366,
  "OccNet normal consistency": 0.9732519991981134,
  "OccNet f-scores": 0.9503474329035239,
  "DeepSDF chamfer": 0.00020276531775134733,
  "VIoU": 0.9716541171073914,
  "Dice": 0.9856233104369451,
  "pred_is_watertight": true,
  "pred_is_volume": false,
  "num_vertices": 118042,
  "num_faces": 235928,
  "case_name": "s0708",
  "seed": 2024,
  "npy_path": "/home/bsc18/workplace/dataset/Totalsegmentator_dataset_v201_Liver/ok/sampled_20000/npy/3D_Reconstruction/s0708_Segment_1.npy",
  "gt_mesh_path": "/home/bsc18/workplace/dataset/Totalsegmentator_dataset_v201_Liver/ok/sampled_20000/mesh/s0708_Segment_1.stl",
  "final_loss": 0.05337258328795433,
  "model_type": "siren",
  "hidden_features": 128,
  "hidden_layers": 3,
  "first_w0": 15.0,
  "hidden_w0": 15.0,
  "lr": 5e-05,
  "epochs": 200,
  "batch_size": 2048,
  "grid_res": 256
}