{
  "OccNet chamfer-L1": 0.003888212903248363,
  "OccNet chamfer-L2": 6.853721546764065e-05,
  "OccNet normal consistency": 0.9719402820072089,
  "OccNet f-scores": 0.9638114496660998,
  "DeepSDF chamfer": 0.0001370744309352813,
  "VIoU": 0.9685142040252686,
  "Dice": 0.9840052939914807,
  "pred_is_watertight": true,
  "pred_is_volume": false,
  "num_vertices": 143236,
  "num_faces": 286348,
  "case_name": "s1031",
  "seed": 2024,
  "npy_path": "/home/bsc18/workplace/dataset/Totalsegmentator_dataset_v201_Liver/ok/sampled_20000/npy/3D_Reconstruction/s1031_Segment_1.npy",
  "gt_mesh_path": "/home/bsc18/workplace/dataset/Totalsegmentator_dataset_v201_Liver/ok/sampled_20000/mesh/s1031_Segment_1.stl",
  "final_loss": 0.0560093809902668,
  "model_type": "siren",
  "hidden_features": 128,
  "hidden_layers": 3,
  "first_w0": 15.0,
  "hidden_w0": 15.0,
  "lr": 5e-05,
  "epochs": 200,
  "batch_size": 2048,
  "grid_res": 256
}