{
  "OccNet chamfer-L1": 0.003582522923809183,
  "OccNet chamfer-L2": 6.943898241503221e-05,
  "OccNet normal consistency": 0.9788101498334723,
  "OccNet f-scores": 0.9812825858248302,
  "DeepSDF chamfer": 0.00013887796483006443,
  "VIoU": 0.9793750643730164,
  "Dice": 0.9895800757222281,
  "pred_is_watertight": true,
  "pred_is_volume": false,
  "num_vertices": 177800,
  "num_faces": 355524,
  "case_name": "s0950",
  "seed": 2024,
  "npy_path": "/home/bsc18/workplace/dataset/Totalsegmentator_dataset_v201_Liver/ok/sampled_20000/npy/3D_Reconstruction/s0950_Segment_1.npy",
  "gt_mesh_path": "/home/bsc18/workplace/dataset/Totalsegmentator_dataset_v201_Liver/ok/sampled_20000/mesh/s0950_Segment_1.stl",
  "final_loss": 0.06453353896141052,
  "model_type": "siren",
  "hidden_features": 128,
  "hidden_layers": 3,
  "first_w0": 15.0,
  "hidden_w0": 15.0,
  "lr": 5e-05,
  "epochs": 200,
  "batch_size": 2048,
  "grid_res": 256
}