{
  "OccNet chamfer-L1": 0.0028653032699552635,
  "OccNet chamfer-L2": 2.8615645726907972e-05,
  "OccNet normal consistency": 0.9821259289563464,
  "OccNet f-scores": 0.9902142690524998,
  "DeepSDF chamfer": 5.7231291453815944e-05,
  "VIoU": 0.983110785484314,
  "Dice": 0.9914834875744617,
  "pred_is_watertight": true,
  "pred_is_volume": false,
  "num_vertices": 151220,
  "num_faces": 302408,
  "case_name": "s0651",
  "seed": 2024,
  "npy_path": "/home/bsc18/workplace/dataset/Totalsegmentator_dataset_v201_Liver/ok/sampled_20000/npy/3D_Reconstruction/s0651_Segment_1.npy",
  "gt_mesh_path": "/home/bsc18/workplace/dataset/Totalsegmentator_dataset_v201_Liver/ok/sampled_20000/mesh/s0651_Segment_1.stl",
  "final_loss": 0.04328467707633972,
  "model_type": "siren",
  "hidden_features": 128,
  "hidden_layers": 3,
  "first_w0": 15.0,
  "hidden_w0": 15.0,
  "lr": 5e-05,
  "epochs": 200,
  "batch_size": 2048,
  "grid_res": 256
}