{
  "OccNet chamfer-L1": 0.009323551360452582,
  "OccNet chamfer-L2": 0.0013242886343607539,
  "OccNet normal consistency": 0.9450188474618418,
  "OccNet f-scores": 0.9166289709267997,
  "DeepSDF chamfer": 0.0026485772687215078,
  "VIoU": 0.9753277897834778,
  "Dice": 0.9875098016921063,
  "pred_is_watertight": false,
  "pred_is_volume": false,
  "num_vertices": 209523,
  "num_faces": 418548,
  "case_name": "s1367",
  "seed": 2024,
  "npy_path": "/home/bsc18/workplace/dataset/Totalsegmentator_dataset_v201_Liver/ok/sampled_20000/npy/3D_Reconstruction/s1367_Segment_1.npy",
  "gt_mesh_path": "/home/bsc18/workplace/dataset/Totalsegmentator_dataset_v201_Liver/ok/sampled_20000/mesh/s1367_Segment_1.stl",
  "final_loss": 0.017741890381276607,
  "model_type": "siren",
  "hidden_features": 128,
  "hidden_layers": 3,
  "first_w0": 15.0,
  "hidden_w0": 15.0,
  "lr": 5e-05,
  "epochs": 200,
  "batch_size": 2048,
  "grid_res": 256
}