{
  "OccNet chamfer-L1": 0.004206876669791974,
  "OccNet chamfer-L2": 0.00010041784059250783,
  "OccNet normal consistency": 0.955870113230729,
  "OccNet f-scores": 0.9443098761065685,
  "DeepSDF chamfer": 0.00020083568118501566,
  "VIoU": 0.9566579461097717,
  "Dice": 0.9778489220455495,
  "pred_is_watertight": false,
  "pred_is_volume": false,
  "num_vertices": 69277,
  "num_faces": 138480,
  "case_name": "s1423",
  "seed": 2024,
  "npy_path": "/home/bsc18/workplace/dataset/Totalsegmentator_dataset_v201_Liver/ok/sampled_20000/npy/3D_Reconstruction/s1423_Segment_1.npy",
  "gt_mesh_path": "/home/bsc18/workplace/dataset/Totalsegmentator_dataset_v201_Liver/ok/sampled_20000/mesh/s1423_Segment_1.stl",
  "final_loss": 0.06449739342927932,
  "model_type": "siren",
  "hidden_features": 128,
  "hidden_layers": 3,
  "first_w0": 15.0,
  "hidden_w0": 15.0,
  "lr": 5e-05,
  "epochs": 200,
  "batch_size": 2048,
  "grid_res": 256
}