{
  "OccNet chamfer-L1": 0.004425034372327497,
  "OccNet chamfer-L2": 0.0002308482393737007,
  "OccNet normal consistency": 0.9669633309862729,
  "OccNet f-scores": 0.9571027580308719,
  "DeepSDF chamfer": 0.0004616964787474014,
  "VIoU": 0.9747626781463623,
  "Dice": 0.9872200692607108,
  "pred_is_watertight": true,
  "pred_is_volume": false,
  "num_vertices": 131642,
  "num_faces": 263160,
  "case_name": "s0091",
  "seed": 2024,
  "npy_path": "/home/bsc18/workplace/dataset/Totalsegmentator_dataset_v201_Liver/ok/sampled_20000/npy/3D_Reconstruction/s0091_Segment_1.npy",
  "gt_mesh_path": "/home/bsc18/workplace/dataset/Totalsegmentator_dataset_v201_Liver/ok/sampled_20000/mesh/s0091_Segment_1.stl",
  "final_loss": 0.03354343453645706,
  "model_type": "siren",
  "hidden_features": 128,
  "hidden_layers": 3,
  "first_w0": 15.0,
  "hidden_w0": 15.0,
  "lr": 5e-05,
  "epochs": 200,
  "batch_size": 2048,
  "grid_res": 256
}