{
  "OccNet chamfer-L1": 0.006891337123454469,
  "OccNet chamfer-L2": 0.0010724417462972678,
  "OccNet normal consistency": 0.9672442579217222,
  "OccNet f-scores": 0.9520164969975162,
  "DeepSDF chamfer": 0.0021448834925945357,
  "VIoU": 0.9750420451164246,
  "Dice": 0.9873633239059718,
  "pred_is_watertight": true,
  "pred_is_volume": false,
  "num_vertices": 150624,
  "num_faces": 301088,
  "case_name": "s0052",
  "seed": 2024,
  "npy_path": "/home/bsc18/workplace/dataset/Totalsegmentator_dataset_v201_Liver/ok/sampled_20000/npy/3D_Reconstruction/s0052_Segment_1.npy",
  "gt_mesh_path": "/home/bsc18/workplace/dataset/Totalsegmentator_dataset_v201_Liver/ok/sampled_20000/mesh/s0052_Segment_1.stl",
  "final_loss": 0.029227547246217726,
  "model_type": "siren",
  "hidden_features": 128,
  "hidden_layers": 3,
  "first_w0": 15.0,
  "hidden_w0": 15.0,
  "lr": 5e-05,
  "epochs": 200,
  "batch_size": 2048,
  "grid_res": 256
}