{
  "OccNet chamfer-L1": 0.00430761203350517,
  "OccNet chamfer-L2": 0.00010555054533214903,
  "OccNet normal consistency": 0.9678184167372096,
  "OccNet f-scores": 0.9480506365392816,
  "DeepSDF chamfer": 0.00021110109066429806,
  "VIoU": 0.9655152559280396,
  "Dice": 0.9824551143975058,
  "pred_is_watertight": true,
  "pred_is_volume": false,
  "num_vertices": 108550,
  "num_faces": 216976,
  "case_name": "s0235",
  "seed": 2024,
  "npy_path": "/home/bsc18/workplace/dataset/Totalsegmentator_dataset_v201_Liver/ok/sampled_20000/npy/3D_Reconstruction/s0235_Segment_1.npy",
  "gt_mesh_path": "/home/bsc18/workplace/dataset/Totalsegmentator_dataset_v201_Liver/ok/sampled_20000/mesh/s0235_Segment_1.stl",
  "final_loss": 0.05975431404709816,
  "model_type": "siren",
  "hidden_features": 128,
  "hidden_layers": 3,
  "first_w0": 15.0,
  "hidden_w0": 15.0,
  "lr": 5e-05,
  "epochs": 200,
  "batch_size": 2048,
  "grid_res": 256
}