{
  "OccNet chamfer-L1": 0.005054116106809826,
  "OccNet chamfer-L2": 0.00040800639737311817,
  "OccNet normal consistency": 0.9699767973044459,
  "OccNet f-scores": 0.960820691332869,
  "DeepSDF chamfer": 0.0008160127947462363,
  "VIoU": 0.9719052314758301,
  "Dice": 0.9857524771775037,
  "pred_is_watertight": true,
  "pred_is_volume": false,
  "num_vertices": 127404,
  "num_faces": 254728,
  "case_name": "s0752",
  "seed": 2024,
  "npy_path": "/home/bsc18/workplace/dataset/Totalsegmentator_dataset_v201_Liver/ok/sampled_20000/npy/3D_Reconstruction/s0752_Segment_1.npy",
  "gt_mesh_path": "/home/bsc18/workplace/dataset/Totalsegmentator_dataset_v201_Liver/ok/sampled_20000/mesh/s0752_Segment_1.stl",
  "final_loss": 0.0630143236041069,
  "model_type": "siren",
  "hidden_features": 128,
  "hidden_layers": 3,
  "first_w0": 15.0,
  "hidden_w0": 15.0,
  "lr": 5e-05,
  "epochs": 200,
  "batch_size": 2048,
  "grid_res": 256
}