{
  "OccNet chamfer-L1": 0.0026185522442128953,
  "OccNet chamfer-L2": 2.9063805824788806e-05,
  "OccNet normal consistency": 0.9805994244257245,
  "OccNet f-scores": 0.9875141775804549,
  "DeepSDF chamfer": 5.812761164957761e-05,
  "VIoU": 0.9775183796882629,
  "Dice": 0.988631388741051,
  "pred_is_watertight": true,
  "pred_is_volume": false,
  "num_vertices": 99994,
  "num_faces": 199952,
  "case_name": "s0324",
  "seed": 2024,
  "npy_path": "/home/bsc18/workplace/dataset/Totalsegmentator_dataset_v201_Liver/ok/sampled_20000/npy/3D_Reconstruction/s0324_Segment_1.npy",
  "gt_mesh_path": "/home/bsc18/workplace/dataset/Totalsegmentator_dataset_v201_Liver/ok/sampled_20000/mesh/s0324_Segment_1.stl",
  "final_loss": 0.03924961622357368,
  "model_type": "siren",
  "hidden_features": 128,
  "hidden_layers": 3,
  "first_w0": 15.0,
  "hidden_w0": 15.0,
  "lr": 5e-05,
  "epochs": 200,
  "batch_size": 2048,
  "grid_res": 256
}