{
  "OccNet chamfer-L1": 0.002632722421327115,
  "OccNet chamfer-L2": 2.905704055667543e-05,
  "OccNet normal consistency": 0.9790002487350009,
  "OccNet f-scores": 0.9895568378240464,
  "DeepSDF chamfer": 5.811408111335086e-05,
  "VIoU": 0.9805119633674622,
  "Dice": 0.9901601112637596,
  "pred_is_watertight": true,
  "pred_is_volume": false,
  "num_vertices": 121542,
  "num_faces": 243068,
  "case_name": "s0239",
  "seed": 2024,
  "npy_path": "/home/bsc18/workplace/dataset/Totalsegmentator_dataset_v201_Liver/ok/sampled_20000/npy/3D_Reconstruction/s0239_Segment_1.npy",
  "gt_mesh_path": "/home/bsc18/workplace/dataset/Totalsegmentator_dataset_v201_Liver/ok/sampled_20000/mesh/s0239_Segment_1.stl",
  "final_loss": 0.03872219491004944,
  "model_type": "siren",
  "hidden_features": 128,
  "hidden_layers": 3,
  "first_w0": 15.0,
  "hidden_w0": 15.0,
  "lr": 5e-05,
  "epochs": 200,
  "batch_size": 2048,
  "grid_res": 256
}