{
  "OccNet chamfer-L1": 0.002849483468742706,
  "OccNet chamfer-L2": 2.9027035224360916e-05,
  "OccNet normal consistency": 0.9786666213089557,
  "OccNet f-scores": 0.9903017745892949,
  "DeepSDF chamfer": 5.805407044872183e-05,
  "VIoU": 0.9802919626235962,
  "Dice": 0.9900479075486034,
  "pred_is_watertight": true,
  "pred_is_volume": false,
  "num_vertices": 132250,
  "num_faces": 264468,
  "case_name": "s0446",
  "seed": 2024,
  "npy_path": "/home/bsc18/workplace/dataset/Totalsegmentator_dataset_v201_Liver/ok/sampled_20000/npy/3D_Reconstruction/s0446_Segment_1.npy",
  "gt_mesh_path": "/home/bsc18/workplace/dataset/Totalsegmentator_dataset_v201_Liver/ok/sampled_20000/mesh/s0446_Segment_1.stl",
  "final_loss": 0.04481546967625618,
  "model_type": "siren",
  "hidden_features": 128,
  "hidden_layers": 3,
  "first_w0": 15.0,
  "hidden_w0": 15.0,
  "lr": 5e-05,
  "epochs": 200,
  "batch_size": 2048,
  "grid_res": 256
}