{
  "OccNet chamfer-L1": 0.00405463952566597,
  "OccNet chamfer-L2": 0.00010050727375981368,
  "OccNet normal consistency": 0.9721652059050195,
  "OccNet f-scores": 0.9562890009555488,
  "DeepSDF chamfer": 0.00020101454751962736,
  "VIoU": 0.9740003943443298,
  "Dice": 0.9868289764097771,
  "pred_is_watertight": true,
  "pred_is_volume": false,
  "num_vertices": 129732,
  "num_faces": 259360,
  "case_name": "s0238",
  "seed": 2024,
  "npy_path": "/home/bsc18/workplace/dataset/Totalsegmentator_dataset_v201_Liver/ok/sampled_20000/npy/3D_Reconstruction/s0238_Segment_1.npy",
  "gt_mesh_path": "/home/bsc18/workplace/dataset/Totalsegmentator_dataset_v201_Liver/ok/sampled_20000/mesh/s0238_Segment_1.stl",
  "final_loss": 0.05547876163125038,
  "model_type": "siren",
  "hidden_features": 128,
  "hidden_layers": 3,
  "first_w0": 15.0,
  "hidden_w0": 15.0,
  "lr": 5e-05,
  "epochs": 200,
  "batch_size": 2048,
  "grid_res": 256
}