{
  "OccNet chamfer-L1": 0.003862841274558215,
  "OccNet chamfer-L2": 7.66533776117774e-05,
  "OccNet normal consistency": 0.9741334412687395,
  "OccNet f-scores": 0.954881688980863,
  "DeepSDF chamfer": 0.0001533067552235548,
  "VIoU": 0.9686881303787231,
  "Dice": 0.9840950657544586,
  "pred_is_watertight": true,
  "pred_is_volume": false,
  "num_vertices": 118938,
  "num_faces": 237772,
  "case_name": "s1321",
  "seed": 2024,
  "npy_path": "/home/bsc18/workplace/dataset/Totalsegmentator_dataset_v201_Liver/ok/sampled_20000/npy/3D_Reconstruction/s1321_Segment_1.npy",
  "gt_mesh_path": "/home/bsc18/workplace/dataset/Totalsegmentator_dataset_v201_Liver/ok/sampled_20000/mesh/s1321_Segment_1.stl",
  "final_loss": 0.05059861637353897,
  "model_type": "siren",
  "hidden_features": 128,
  "hidden_layers": 3,
  "first_w0": 15.0,
  "hidden_w0": 15.0,
  "lr": 5e-05,
  "epochs": 200,
  "batch_size": 2048,
  "grid_res": 256
}