{
  "OccNet chamfer-L1": 0.002673680476327764,
  "OccNet chamfer-L2": 1.859180684542315e-05,
  "OccNet normal consistency": 0.9817089175226522,
  "OccNet f-scores": 0.9919916869868503,
  "DeepSDF chamfer": 3.71836136908463e-05,
  "VIoU": 0.9779413938522339,
  "Dice": 0.9888477079386357,
  "pred_is_watertight": false,
  "pred_is_volume": false,
  "num_vertices": 121194,
  "num_faces": 242376,
  "case_name": "s0375",
  "seed": 2024,
  "npy_path": "/home/bsc18/workplace/dataset/Totalsegmentator_dataset_v201_Liver/ok/sampled_20000/npy/3D_Reconstruction/s0375_Segment_1.npy",
  "gt_mesh_path": "/home/bsc18/workplace/dataset/Totalsegmentator_dataset_v201_Liver/ok/sampled_20000/mesh/s0375_Segment_1.stl",
  "final_loss": 0.06029949902296066,
  "model_type": "siren",
  "hidden_features": 128,
  "hidden_layers": 3,
  "first_w0": 15.0,
  "hidden_w0": 15.0,
  "lr": 5e-05,
  "epochs": 200,
  "batch_size": 2048,
  "grid_res": 256
}