{
  "OccNet chamfer-L1": 0.0037303796492775066,
  "OccNet chamfer-L2": 9.498709644594057e-05,
  "OccNet normal consistency": 0.969578305467834,
  "OccNet f-scores": 0.9644027180323625,
  "DeepSDF chamfer": 0.00018997419289188113,
  "VIoU": 0.983206570148468,
  "Dice": 0.9915321902132385,
  "pred_is_watertight": true,
  "pred_is_volume": false,
  "num_vertices": 144300,
  "num_faces": 288464,
  "case_name": "s0040",
  "seed": 2024,
  "npy_path": "/home/bsc18/workplace/dataset/Totalsegmentator_dataset_v201_Liver/ok/sampled_20000/npy/3D_Reconstruction/s0040_Segment_1.npy",
  "gt_mesh_path": "/home/bsc18/workplace/dataset/Totalsegmentator_dataset_v201_Liver/ok/sampled_20000/mesh/s0040_Segment_1.stl",
  "final_loss": 0.026773885530233382,
  "model_type": "siren",
  "hidden_features": 128,
  "hidden_layers": 3,
  "first_w0": 15.0,
  "hidden_w0": 15.0,
  "lr": 5e-05,
  "epochs": 200,
  "batch_size": 2048,
  "grid_res": 256
}