{
  "OccNet chamfer-L1": 0.0036826292664389358,
  "OccNet chamfer-L2": 6.483444160010759e-05,
  "OccNet normal consistency": 0.9771203907694206,
  "OccNet f-scores": 0.9727277500359617,
  "DeepSDF chamfer": 0.00012966888320021518,
  "VIoU": 0.9755229353904724,
  "Dice": 0.9876098265904076,
  "pred_is_watertight": true,
  "pred_is_volume": false,
  "num_vertices": 155995,
  "num_faces": 311910,
  "case_name": "s0161",
  "seed": 2024,
  "npy_path": "/home/bsc18/workplace/dataset/Totalsegmentator_dataset_v201_Liver/ok/sampled_20000/npy/3D_Reconstruction/s0161_Segment_1.npy",
  "gt_mesh_path": "/home/bsc18/workplace/dataset/Totalsegmentator_dataset_v201_Liver/ok/sampled_20000/mesh/s0161_Segment_1.stl",
  "final_loss": 0.062064378535747526,
  "model_type": "siren",
  "hidden_features": 128,
  "hidden_layers": 3,
  "first_w0": 15.0,
  "hidden_w0": 15.0,
  "lr": 5e-05,
  "epochs": 200,
  "batch_size": 2048,
  "grid_res": 256
}