{
  "OccNet chamfer-L1": 0.005749943667819927,
  "OccNet chamfer-L2": 0.0006611059333339107,
  "OccNet normal consistency": 0.9714878938323863,
  "OccNet f-scores": 0.9723026963278143,
  "DeepSDF chamfer": 0.0013222118666678215,
  "VIoU": 0.9554276466369629,
  "Dice": 0.977205821382543,
  "pred_is_watertight": false,
  "pred_is_volume": false,
  "num_vertices": 192652,
  "num_faces": 385226,
  "case_name": "s0058",
  "seed": 2024,
  "npy_path": "/home/bsc18/workplace/dataset/Totalsegmentator_dataset_v201_Liver/ok/sampled_20000/npy/3D_Reconstruction/s0058_Segment_1.npy",
  "gt_mesh_path": "/home/bsc18/workplace/dataset/Totalsegmentator_dataset_v201_Liver/ok/sampled_20000/mesh/s0058_Segment_1.stl",
  "final_loss": 0.02664614816904068,
  "model_type": "siren",
  "hidden_features": 128,
  "hidden_layers": 3,
  "first_w0": 15.0,
  "hidden_w0": 15.0,
  "lr": 5e-05,
  "epochs": 200,
  "batch_size": 2048,
  "grid_res": 256
}