{
  "OccNet chamfer-L1": 0.008693014514717733,
  "OccNet chamfer-L2": 0.00017233501813471307,
  "OccNet normal consistency": 0.9250023742601717,
  "OccNet f-scores": 0.7228371067316912,
  "DeepSDF chamfer": 0.00034467003626942615,
  "VIoU": 0.899914562702179,
  "Dice": 0.9473211008494026,
  "pred_is_watertight": true,
  "pred_is_volume": false,
  "num_vertices": 120340,
  "num_faces": 240676,
  "case_name": "s0040",
  "seed": 2024,
  "npy_path": "/home/bsc18/workplace/dataset/Totalsegmentator_dataset_v201_Liver/ok/sampled_20000/npy/3D_Reconstruction/s0040_Segment_1.npy",
  "gt_mesh_path": "/home/bsc18/workplace/dataset/Totalsegmentator_dataset_v201_Liver/ok/sampled_20000/mesh/s0040_Segment_1.stl",
  "final_loss": 0.33819547991752624,
  "model_type": "siren",
  "hidden_features": 128,
  "hidden_layers": 3,
  "first_w0": 15.0,
  "hidden_w0": 10.0,
  "lr": 5e-05,
  "epochs": 10,
  "batch_size": 2048,
  "grid_res": 256,
  "init_type": "random",
  "init_checkpoint": null
}