{
  "OccNet chamfer-L1": 0.003355103200761088,
  "OccNet chamfer-L2": 6.909722456087607e-05,
  "OccNet normal consistency": 0.97552543936772,
  "OccNet f-scores": 0.9728383211093989,
  "DeepSDF chamfer": 0.00013819444912175214,
  "VIoU": 0.973983883857727,
  "Dice": 0.9868205051395764,
  "pred_is_watertight": true,
  "pred_is_volume": false,
  "num_vertices": 107982,
  "num_faces": 215924,
  "case_name": "s0511",
  "seed": 2024,
  "npy_path": "/home/bsc18/workplace/dataset/Totalsegmentator_dataset_v201_Liver/ok/sampled_20000/npy/3D_Reconstruction/s0511_Segment_1.npy",
  "gt_mesh_path": "/home/bsc18/workplace/dataset/Totalsegmentator_dataset_v201_Liver/ok/sampled_20000/mesh/s0511_Segment_1.stl",
  "final_loss": 0.04078919102549553,
  "model_type": "siren",
  "hidden_features": 128,
  "hidden_layers": 3,
  "first_w0": 15.0,
  "hidden_w0": 15.0,
  "lr": 5e-05,
  "epochs": 200,
  "batch_size": 2048,
  "grid_res": 256
}