{
  "OccNet chamfer-L1": 0.002383831576748139,
  "OccNet chamfer-L2": 8.804597404333075e-06,
  "OccNet normal consistency": 0.9812499443903788,
  "OccNet f-scores": 0.9984949242610128,
  "DeepSDF chamfer": 1.760919480866615e-05,
  "VIoU": 0.9847871661186218,
  "Dice": 0.9923352781196441,
  "pred_is_watertight": true,
  "pred_is_volume": false,
  "num_vertices": 141128,
  "num_faces": 282240,
  "case_name": "s0957",
  "seed": 2024,
  "npy_path": "/home/bsc18/workplace/dataset/Totalsegmentator_dataset_v201_Liver/ok/sampled_20000/npy/3D_Reconstruction/s0957_Segment_1.npy",
  "gt_mesh_path": "/home/bsc18/workplace/dataset/Totalsegmentator_dataset_v201_Liver/ok/sampled_20000/mesh/s0957_Segment_1.stl",
  "final_loss": 0.038295436626672744,
  "model_type": "siren",
  "hidden_features": 128,
  "hidden_layers": 3,
  "first_w0": 15.0,
  "hidden_w0": 15.0,
  "lr": 5e-05,
  "epochs": 200,
  "batch_size": 2048,
  "grid_res": 256
}