{
  "OccNet chamfer-L1": 0.0033014081440905555,
  "OccNet chamfer-L2": 5.6123184801322124e-05,
  "OccNet normal consistency": 0.9781494986895818,
  "OccNet f-scores": 0.9739419570013854,
  "DeepSDF chamfer": 0.00011224636960264425,
  "VIoU": 0.9819245934486389,
  "Dice": 0.9908798849432202,
  "pred_is_watertight": true,
  "pred_is_volume": false,
  "num_vertices": 140020,
  "num_faces": 279936,
  "case_name": "s0040",
  "seed": 2024,
  "npy_path": "/home/bsc18/workplace/dataset/Totalsegmentator_dataset_v201_Liver/ok/sampled_20000/npy/3D_Reconstruction/s0040_Segment_1.npy",
  "gt_mesh_path": "/home/bsc18/workplace/dataset/Totalsegmentator_dataset_v201_Liver/ok/sampled_20000/mesh/s0040_Segment_1.stl",
  "final_loss": 0.050047768169641495,
  "model_type": "siren",
  "hidden_features": 128,
  "hidden_layers": 3,
  "first_w0": 15.0,
  "hidden_w0": 15.0,
  "lr": 5e-05,
  "epochs": 200,
  "batch_size": 2048,
  "grid_res": 256
}