{
  "OccNet chamfer-L1": 0.002547440201361469,
  "OccNet chamfer-L2": 2.0207630261736672e-05,
  "OccNet normal consistency": 0.9770831344218215,
  "OccNet f-scores": 0.9923562968822426,
  "DeepSDF chamfer": 4.0415260523473344e-05,
  "VIoU": 0.9785951375961304,
  "Dice": 0.9891817852710902,
  "pred_is_watertight": true,
  "pred_is_volume": false,
  "num_vertices": 117274,
  "num_faces": 234536,
  "case_name": "s0912",
  "seed": 2024,
  "npy_path": "/home/bsc18/workplace/dataset/Totalsegmentator_dataset_v201_Liver/ok/sampled_20000/npy/3D_Reconstruction/s0912_Segment_1.npy",
  "gt_mesh_path": "/home/bsc18/workplace/dataset/Totalsegmentator_dataset_v201_Liver/ok/sampled_20000/mesh/s0912_Segment_1.stl",
  "final_loss": 0.04512091920375824,
  "model_type": "siren",
  "hidden_features": 128,
  "hidden_layers": 3,
  "first_w0": 15.0,
  "hidden_w0": 15.0,
  "lr": 5e-05,
  "epochs": 200,
  "batch_size": 2048,
  "grid_res": 256
}