{
  "OccNet chamfer-L1": 0.003574019829052885,
  "OccNet chamfer-L2": 5.481933656351536e-05,
  "OccNet normal consistency": 0.9765304296494877,
  "OccNet f-scores": 0.9732526831973464,
  "DeepSDF chamfer": 0.00010963867312703071,
  "VIoU": 0.9568292498588562,
  "Dice": 0.9779384127108355,
  "pred_is_watertight": true,
  "pred_is_volume": false,
  "num_vertices": 161238,
  "num_faces": 322400,
  "case_name": "s0923",
  "seed": 2024,
  "npy_path": "/home/bsc18/workplace/dataset/Totalsegmentator_dataset_v201_Liver/ok/sampled_20000/npy/3D_Reconstruction/s0923_Segment_1.npy",
  "gt_mesh_path": "/home/bsc18/workplace/dataset/Totalsegmentator_dataset_v201_Liver/ok/sampled_20000/mesh/s0923_Segment_1.stl",
  "final_loss": 0.057359439718723294,
  "model_type": "siren",
  "hidden_features": 128,
  "hidden_layers": 3,
  "first_w0": 15.0,
  "hidden_w0": 15.0,
  "lr": 5e-05,
  "epochs": 200,
  "batch_size": 2048,
  "grid_res": 256
}