{
  "OccNet chamfer-L1": 0.004408412514077963,
  "OccNet chamfer-L2": 0.00012167538849049062,
  "OccNet normal consistency": 0.9666527520480792,
  "OccNet f-scores": 0.9358140275523725,
  "DeepSDF chamfer": 0.00024335077698098124,
  "VIoU": 0.963890790939331,
  "Dice": 0.9816134430405821,
  "pred_is_watertight": true,
  "pred_is_volume": false,
  "num_vertices": 69980,
  "num_faces": 139848,
  "case_name": "s0416",
  "seed": 2024,
  "npy_path": "/home/bsc18/workplace/dataset/Totalsegmentator_dataset_v201_Liver/ok/sampled_20000/npy/3D_Reconstruction/s0416_Segment_1.npy",
  "gt_mesh_path": "/home/bsc18/workplace/dataset/Totalsegmentator_dataset_v201_Liver/ok/sampled_20000/mesh/s0416_Segment_1.stl",
  "final_loss": 0.05531025049090386,
  "model_type": "siren",
  "hidden_features": 128,
  "hidden_layers": 3,
  "first_w0": 15.0,
  "hidden_w0": 15.0,
  "lr": 5e-05,
  "epochs": 200,
  "batch_size": 2048,
  "grid_res": 256
}