{
  "OccNet chamfer-L1": 0.010648139566937045,
  "OccNet chamfer-L2": 0.001806019229572109,
  "OccNet normal consistency": 0.9473088323970491,
  "OccNet f-scores": 0.9103007567567567,
  "DeepSDF chamfer": 0.003612038459144218,
  "VIoU": 0.9692716002464294,
  "Dice": 0.984396052817308,
  "pred_is_watertight": true,
  "pred_is_volume": false,
  "num_vertices": 154112,
  "num_faces": 307824,
  "case_name": "s1208",
  "seed": 2024,
  "npy_path": "/home/bsc18/workplace/dataset/Totalsegmentator_dataset_v201_Liver/ok/sampled_20000/npy/3D_Reconstruction/s1208_Segment_1.npy",
  "gt_mesh_path": "/home/bsc18/workplace/dataset/Totalsegmentator_dataset_v201_Liver/ok/sampled_20000/mesh/s1208_Segment_1.stl",
  "final_loss": 0.016936107897758484,
  "model_type": "siren",
  "hidden_features": 128,
  "hidden_layers": 3,
  "first_w0": 15.0,
  "hidden_w0": 15.0,
  "lr": 5e-05,
  "epochs": 200,
  "batch_size": 2048,
  "grid_res": 256
}