{
  "OccNet chamfer-L1": 0.0026581835174000496,
  "OccNet chamfer-L2": 1.550120998351413e-05,
  "OccNet normal consistency": 0.981730839354533,
  "OccNet f-scores": 0.9956982532062548,
  "DeepSDF chamfer": 3.100241996702826e-05,
  "VIoU": 0.9807122349739075,
  "Dice": 0.9902622157953146,
  "pred_is_watertight": true,
  "pred_is_volume": false,
  "num_vertices": 143576,
  "num_faces": 287128,
  "case_name": "s0918",
  "seed": 2024,
  "npy_path": "/home/bsc18/workplace/dataset/Totalsegmentator_dataset_v201_Liver/ok/sampled_20000/npy/3D_Reconstruction/s0918_Segment_1.npy",
  "gt_mesh_path": "/home/bsc18/workplace/dataset/Totalsegmentator_dataset_v201_Liver/ok/sampled_20000/mesh/s0918_Segment_1.stl",
  "final_loss": 0.04856868747472763,
  "model_type": "siren",
  "hidden_features": 128,
  "hidden_layers": 3,
  "first_w0": 15.0,
  "hidden_w0": 15.0,
  "lr": 5e-05,
  "epochs": 200,
  "batch_size": 2048,
  "grid_res": 256
}