{
  "OccNet chamfer-L1": 0.0023854396309868613,
  "OccNet chamfer-L2": 1.8199677530534287e-05,
  "OccNet normal consistency": 0.9812093893204434,
  "OccNet f-scores": 0.9920642925899981,
  "DeepSDF chamfer": 3.6399355061068574e-05,
  "VIoU": 0.9808902740478516,
  "Dice": 0.9903529553021801,
  "pred_is_watertight": true,
  "pred_is_volume": false,
  "num_vertices": 105904,
  "num_faces": 211760,
  "case_name": "s0206",
  "seed": 2024,
  "npy_path": "/home/bsc18/workplace/dataset/Totalsegmentator_dataset_v201_Liver/ok/sampled_20000/npy/3D_Reconstruction/s0206_Segment_1.npy",
  "gt_mesh_path": "/home/bsc18/workplace/dataset/Totalsegmentator_dataset_v201_Liver/ok/sampled_20000/mesh/s0206_Segment_1.stl",
  "final_loss": 0.041639633333683014,
  "model_type": "siren",
  "hidden_features": 128,
  "hidden_layers": 3,
  "first_w0": 15.0,
  "hidden_w0": 15.0,
  "lr": 5e-05,
  "epochs": 200,
  "batch_size": 2048,
  "grid_res": 256
}