{
  "OccNet chamfer-L1": 0.002682885720552506,
  "OccNet chamfer-L2": 1.0783120915601894e-05,
  "OccNet normal consistency": 0.9704258961495615,
  "OccNet f-scores": 0.9880987000369394,
  "DeepSDF chamfer": 2.1566241831203788e-05,
  "VIoU": 0.9667217135429382,
  "Dice": 0.9830793213566813,
  "pred_is_watertight": true,
  "pred_is_volume": false,
  "num_vertices": 105004,
  "num_faces": 210020,
  "case_name": "s0004",
  "seed": 2024,
  "npy_path": "/home/bsc18/workplace/dataset/Totalsegmentator_dataset_v201_Liver/ok/sampled_20000/npy/3D_Reconstruction/s0004_Segment_1.npy",
  "gt_mesh_path": "/home/bsc18/workplace/dataset/Totalsegmentator_dataset_v201_Liver/ok/sampled_20000/mesh/s0004_Segment_1.stl",
  "final_loss": 0.06072331822514534,
  "model_type": "relu",
  "hidden_features": 128,
  "hidden_layers": 5,
  "lr": 0.001,
  "epochs": 600,
  "batch_size": 2048,
  "grid_res": 256
}