{
  "OccNet chamfer-L1": 0.009503478397713892,
  "OccNet chamfer-L2": 0.0014845612564124931,
  "OccNet normal consistency": 0.9470332735849256,
  "OccNet f-scores": 0.9185276390871728,
  "DeepSDF chamfer": 0.0029691225128249863,
  "VIoU": 0.9728621244430542,
  "Dice": 0.9862444032094718,
  "pred_is_watertight": true,
  "pred_is_volume": false,
  "num_vertices": 169482,
  "num_faces": 338448,
  "case_name": "s1418",
  "seed": 2024,
  "npy_path": "/home/bsc18/workplace/dataset/Totalsegmentator_dataset_v201_Liver/ok/sampled_20000/npy/3D_Reconstruction/s1418_Segment_1.npy",
  "gt_mesh_path": "/home/bsc18/workplace/dataset/Totalsegmentator_dataset_v201_Liver/ok/sampled_20000/mesh/s1418_Segment_1.stl",
  "final_loss": 0.022323617655038833,
  "model_type": "siren",
  "hidden_features": 128,
  "hidden_layers": 3,
  "first_w0": 15.0,
  "hidden_w0": 15.0,
  "lr": 5e-05,
  "epochs": 200,
  "batch_size": 2048,
  "grid_res": 256
}