{
  "OccNet chamfer-L1": 0.004048015566403561,
  "OccNet chamfer-L2": 0.00011015497200086801,
  "OccNet normal consistency": 0.9737164184626539,
  "OccNet f-scores": 0.9653674379951461,
  "DeepSDF chamfer": 0.00022030994400173601,
  "VIoU": 0.9764278531074524,
  "Dice": 0.9880733592595105,
  "pred_is_watertight": true,
  "pred_is_volume": false,
  "num_vertices": 161450,
  "num_faces": 322800,
  "case_name": "s0994",
  "seed": 2024,
  "npy_path": "/home/bsc18/workplace/dataset/Totalsegmentator_dataset_v201_Liver/ok/sampled_20000/npy/3D_Reconstruction/s0994_Segment_1.npy",
  "gt_mesh_path": "/home/bsc18/workplace/dataset/Totalsegmentator_dataset_v201_Liver/ok/sampled_20000/mesh/s0994_Segment_1.stl",
  "final_loss": 0.059018623316287995,
  "model_type": "siren",
  "hidden_features": 128,
  "hidden_layers": 3,
  "first_w0": 15.0,
  "hidden_w0": 15.0,
  "lr": 5e-05,
  "epochs": 200,
  "batch_size": 2048,
  "grid_res": 256
}