{
  "OccNet chamfer-L1": 0.003962567639671451,
  "OccNet chamfer-L2": 0.0001186256355503526,
  "OccNet normal consistency": 0.972497768117148,
  "OccNet f-scores": 0.9597635732425737,
  "DeepSDF chamfer": 0.0002372512711007052,
  "VIoU": 0.9701898097991943,
  "Dice": 0.984869376627616,
  "pred_is_watertight": true,
  "pred_is_volume": false,
  "num_vertices": 111078,
  "num_faces": 222040,
  "case_name": "s0243",
  "seed": 2024,
  "npy_path": "/home/bsc18/workplace/dataset/Totalsegmentator_dataset_v201_Liver/ok/sampled_20000/npy/3D_Reconstruction/s0243_Segment_1.npy",
  "gt_mesh_path": "/home/bsc18/workplace/dataset/Totalsegmentator_dataset_v201_Liver/ok/sampled_20000/mesh/s0243_Segment_1.stl",
  "final_loss": 0.059021154069900515,
  "model_type": "siren",
  "hidden_features": 128,
  "hidden_layers": 3,
  "first_w0": 15.0,
  "hidden_w0": 15.0,
  "lr": 5e-05,
  "epochs": 200,
  "batch_size": 2048,
  "grid_res": 256
}