{
  "OccNet chamfer-L1": 0.011245111275147943,
  "OccNet chamfer-L2": 0.0021150056831833164,
  "OccNet normal consistency": 0.944947774409474,
  "OccNet f-scores": 0.9065353547328703,
  "DeepSDF chamfer": 0.004230011366366633,
  "VIoU": 0.9709906578063965,
  "Dice": 0.9852818517757825,
  "pred_is_watertight": false,
  "pred_is_volume": false,
  "num_vertices": 178795,
  "num_faces": 357106,
  "case_name": "s1262",
  "seed": 2024,
  "npy_path": "/home/bsc18/workplace/dataset/Totalsegmentator_dataset_v201_Liver/ok/sampled_20000/npy/3D_Reconstruction/s1262_Segment_1.npy",
  "gt_mesh_path": "/home/bsc18/workplace/dataset/Totalsegmentator_dataset_v201_Liver/ok/sampled_20000/mesh/s1262_Segment_1.stl",
  "final_loss": 0.019612022331357,
  "model_type": "siren",
  "hidden_features": 128,
  "hidden_layers": 3,
  "first_w0": 15.0,
  "hidden_w0": 15.0,
  "lr": 5e-05,
  "epochs": 200,
  "batch_size": 2048,
  "grid_res": 256
}