{
  "OccNet chamfer-L1": 0.0032318220995685744,
  "OccNet chamfer-L2": 4.332248201862612e-05,
  "OccNet normal consistency": 0.9718641915961828,
  "OccNet f-scores": 0.9742965990191451,
  "DeepSDF chamfer": 8.664496403725224e-05,
  "VIoU": 0.9730972051620483,
  "Dice": 0.9863651950696491,
  "pred_is_watertight": true,
  "pred_is_volume": false,
  "num_vertices": 123477,
  "num_faces": 246874,
  "case_name": "s0239",
  "seed": 2024,
  "npy_path": "/home/bsc18/workplace/dataset/Totalsegmentator_dataset_v201_Liver/ok/sampled_20000/npy/3D_Reconstruction/s0239_Segment_1.npy",
  "gt_mesh_path": "/home/bsc18/workplace/dataset/Totalsegmentator_dataset_v201_Liver/ok/sampled_20000/mesh/s0239_Segment_1.stl",
  "final_loss": 0.061094161802530286,
  "model_type": "siren",
  "hidden_features": 128,
  "hidden_layers": 3,
  "first_w0": 15.0,
  "hidden_w0": 15.0,
  "lr": 5e-05,
  "epochs": 200,
  "batch_size": 2048,
  "grid_res": 256
}