{
  "OccNet chamfer-L1": 0.002732726183897273,
  "OccNet chamfer-L2": 1.2816088747992383e-05,
  "OccNet normal consistency": 0.9816450927065196,
  "OccNet f-scores": 0.9965473010887561,
  "DeepSDF chamfer": 2.5632177495984766e-05,
  "VIoU": 0.9826090335845947,
  "Dice": 0.9912282557807246,
  "pred_is_watertight": true,
  "pred_is_volume": false,
  "num_vertices": 167992,
  "num_faces": 335964,
  "case_name": "s0163",
  "seed": 2024,
  "npy_path": "/home/bsc18/workplace/dataset/Totalsegmentator_dataset_v201_Liver/ok/sampled_20000/npy/3D_Reconstruction/s0163_Segment_1.npy",
  "gt_mesh_path": "/home/bsc18/workplace/dataset/Totalsegmentator_dataset_v201_Liver/ok/sampled_20000/mesh/s0163_Segment_1.stl",
  "final_loss": 0.04119512994289398,
  "model_type": "siren",
  "hidden_features": 128,
  "hidden_layers": 3,
  "first_w0": 15.0,
  "hidden_w0": 15.0,
  "lr": 5e-05,
  "epochs": 200,
  "batch_size": 2048,
  "grid_res": 256
}