{
  "OccNet chamfer-L1": 0.00362339584469593,
  "OccNet chamfer-L2": 7.821199375628658e-05,
  "OccNet normal consistency": 0.9669188846613075,
  "OccNet f-scores": 0.9594158797161585,
  "DeepSDF chamfer": 0.00015642398751257317,
  "VIoU": 0.9645196795463562,
  "Dice": 0.9819394474144995,
  "pred_is_watertight": false,
  "pred_is_volume": false,
  "num_vertices": 93193,
  "num_faces": 186302,
  "case_name": "s0213",
  "seed": 2024,
  "npy_path": "/home/bsc18/workplace/dataset/Totalsegmentator_dataset_v201_Liver/ok/sampled_20000/npy/3D_Reconstruction/s0213_Segment_1.npy",
  "gt_mesh_path": "/home/bsc18/workplace/dataset/Totalsegmentator_dataset_v201_Liver/ok/sampled_20000/mesh/s0213_Segment_1.stl",
  "final_loss": 0.058702423471212385,
  "model_type": "siren",
  "hidden_features": 128,
  "hidden_layers": 3,
  "first_w0": 15.0,
  "hidden_w0": 15.0,
  "lr": 5e-05,
  "epochs": 200,
  "batch_size": 2048,
  "grid_res": 256
}