{
  "OccNet chamfer-L1": 0.008713900932213272,
  "OccNet chamfer-L2": 0.0001746980856086831,
  "OccNet normal consistency": 0.9125402780453171,
  "OccNet f-scores": 0.7219857126111031,
  "DeepSDF chamfer": 0.0003493961712173662,
  "VIoU": 0.8682040572166443,
  "Dice": 0.929453122041216,
  "pred_is_watertight": true,
  "pred_is_volume": false,
  "num_vertices": 74764,
  "num_faces": 149524,
  "case_name": "s0045",
  "seed": 2024,
  "npy_path": "/home/bsc18/workplace/dataset/Totalsegmentator_dataset_v201_Liver/ok/sampled_20000/npy/3D_Reconstruction/s0045_Segment_1.npy",
  "gt_mesh_path": "/home/bsc18/workplace/dataset/Totalsegmentator_dataset_v201_Liver/ok/sampled_20000/mesh/s0045_Segment_1.stl",
  "final_loss": 0.3342687512874603,
  "model_type": "siren",
  "hidden_features": 128,
  "hidden_layers": 3,
  "first_w0": 15.0,
  "hidden_w0": 10.0,
  "lr": 5e-05,
  "epochs": 10,
  "batch_size": 2048,
  "grid_res": 256,
  "init_type": "random",
  "init_checkpoint": null
}