{
  "OccNet chamfer-L1": 0.002708425214437297,
  "OccNet chamfer-L2": 3.158963558867562e-05,
  "OccNet normal consistency": 0.9784934687741756,
  "OccNet f-scores": 0.9863618682844747,
  "DeepSDF chamfer": 6.317927117735124e-05,
  "VIoU": 0.9806527495384216,
  "Dice": 0.9902318893568551,
  "pred_is_watertight": true,
  "pred_is_volume": false,
  "num_vertices": 120186,
  "num_faces": 240332,
  "case_name": "s1046",
  "seed": 2024,
  "npy_path": "/home/bsc18/workplace/dataset/Totalsegmentator_dataset_v201_Liver/ok/sampled_20000/npy/3D_Reconstruction/s1046_Segment_1.npy",
  "gt_mesh_path": "/home/bsc18/workplace/dataset/Totalsegmentator_dataset_v201_Liver/ok/sampled_20000/mesh/s1046_Segment_1.stl",
  "final_loss": 0.03744299885630607,
  "model_type": "siren",
  "hidden_features": 128,
  "hidden_layers": 3,
  "first_w0": 15.0,
  "hidden_w0": 15.0,
  "lr": 5e-05,
  "epochs": 200,
  "batch_size": 2048,
  "grid_res": 256
}