{
  "OccNet chamfer-L1": 0.014320136699558087,
  "OccNet chamfer-L2": 0.003135394906094815,
  "OccNet normal consistency": 0.9388821097172686,
  "OccNet f-scores": 0.8969952249211287,
  "DeepSDF chamfer": 0.00627078981218963,
  "VIoU": 0.9570752382278442,
  "Dice": 0.9780668944054131,
  "pred_is_watertight": true,
  "pred_is_volume": false,
  "num_vertices": 161938,
  "num_faces": 323408,
  "case_name": "s1350",
  "seed": 2024,
  "npy_path": "/home/bsc18/workplace/dataset/Totalsegmentator_dataset_v201_Liver/ok/sampled_20000/npy/3D_Reconstruction/s1350_Segment_1.npy",
  "gt_mesh_path": "/home/bsc18/workplace/dataset/Totalsegmentator_dataset_v201_Liver/ok/sampled_20000/mesh/s1350_Segment_1.stl",
  "final_loss": 0.020020327618718147,
  "model_type": "siren",
  "hidden_features": 128,
  "hidden_layers": 3,
  "first_w0": 15.0,
  "hidden_w0": 15.0,
  "lr": 5e-05,
  "epochs": 200,
  "batch_size": 2048,
  "grid_res": 256
}