{
  "OccNet chamfer-L1": 0.012866471173911074,
  "OccNet chamfer-L2": 0.002344931333218097,
  "OccNet normal consistency": 0.9397357925852017,
  "OccNet f-scores": 0.8961372414021529,
  "DeepSDF chamfer": 0.004689862666436194,
  "VIoU": 0.9609861373901367,
  "Dice": 0.9801049668463456,
  "pred_is_watertight": true,
  "pred_is_volume": false,
  "num_vertices": 137958,
  "num_faces": 275472,
  "case_name": "s1143",
  "seed": 2024,
  "npy_path": "/home/bsc18/workplace/dataset/Totalsegmentator_dataset_v201_Liver/ok/sampled_20000/npy/3D_Reconstruction/s1143_Segment_1.npy",
  "gt_mesh_path": "/home/bsc18/workplace/dataset/Totalsegmentator_dataset_v201_Liver/ok/sampled_20000/mesh/s1143_Segment_1.stl",
  "final_loss": 0.020469494715332985,
  "model_type": "siren",
  "hidden_features": 128,
  "hidden_layers": 3,
  "first_w0": 15.0,
  "hidden_w0": 15.0,
  "lr": 5e-05,
  "epochs": 200,
  "batch_size": 2048,
  "grid_res": 256
}