{
  "OccNet chamfer-L1": 0.0046143660717429405,
  "OccNet chamfer-L2": 0.00012267274458487717,
  "OccNet normal consistency": 0.9735715214864606,
  "OccNet f-scores": 0.9591393747332259,
  "DeepSDF chamfer": 0.00024534548916975435,
  "VIoU": 0.9680446982383728,
  "Dice": 0.9837629247493318,
  "pred_is_watertight": true,
  "pred_is_volume": false,
  "num_vertices": 161500,
  "num_faces": 322884,
  "case_name": "s0472",
  "seed": 2024,
  "npy_path": "/home/bsc18/workplace/dataset/Totalsegmentator_dataset_v201_Liver/ok/sampled_20000/npy/3D_Reconstruction/s0472_Segment_1.npy",
  "gt_mesh_path": "/home/bsc18/workplace/dataset/Totalsegmentator_dataset_v201_Liver/ok/sampled_20000/mesh/s0472_Segment_1.stl",
  "final_loss": 0.05849299888014793,
  "model_type": "siren",
  "hidden_features": 128,
  "hidden_layers": 3,
  "first_w0": 15.0,
  "hidden_w0": 15.0,
  "lr": 5e-05,
  "epochs": 200,
  "batch_size": 2048,
  "grid_res": 256
}