{
  "OccNet chamfer-L1": 0.0024658458616627346,
  "OccNet chamfer-L2": 1.9808035631768302e-05,
  "OccNet normal consistency": 0.9784414946404889,
  "OccNet f-scores": 0.9919635380513399,
  "DeepSDF chamfer": 3.9616071263536604e-05,
  "VIoU": 0.9776719212532043,
  "Dice": 0.9887099061992111,
  "pred_is_watertight": true,
  "pred_is_volume": false,
  "num_vertices": 101260,
  "num_faces": 202488,
  "case_name": "s0235",
  "seed": 2024,
  "npy_path": "/home/bsc18/workplace/dataset/Totalsegmentator_dataset_v201_Liver/ok/sampled_20000/npy/3D_Reconstruction/s0235_Segment_1.npy",
  "gt_mesh_path": "/home/bsc18/workplace/dataset/Totalsegmentator_dataset_v201_Liver/ok/sampled_20000/mesh/s0235_Segment_1.stl",
  "final_loss": 0.04063903949260712,
  "model_type": "siren",
  "hidden_features": 128,
  "hidden_layers": 3,
  "first_w0": 15.0,
  "hidden_w0": 15.0,
  "lr": 5e-05,
  "epochs": 200,
  "batch_size": 2048,
  "grid_res": 256
}