{
  "OccNet chamfer-L1": 0.002464874742522387,
  "OccNet chamfer-L2": 1.6312174146751485e-05,
  "OccNet normal consistency": 0.9825255802142889,
  "OccNet f-scores": 0.9942575424551311,
  "DeepSDF chamfer": 3.262434829350297e-05,
  "VIoU": 0.9841379523277283,
  "Dice": 0.9920055683544398,
  "pred_is_watertight": false,
  "pred_is_volume": false,
  "num_vertices": 130714,
  "num_faces": 261416,
  "case_name": "s0592",
  "seed": 2024,
  "npy_path": "/home/bsc18/workplace/dataset/Totalsegmentator_dataset_v201_Liver/ok/sampled_20000/npy/3D_Reconstruction/s0592_Segment_1.npy",
  "gt_mesh_path": "/home/bsc18/workplace/dataset/Totalsegmentator_dataset_v201_Liver/ok/sampled_20000/mesh/s0592_Segment_1.stl",
  "final_loss": 0.04055539759993553,
  "model_type": "siren",
  "hidden_features": 128,
  "hidden_layers": 3,
  "first_w0": 15.0,
  "hidden_w0": 15.0,
  "lr": 5e-05,
  "epochs": 200,
  "batch_size": 2048,
  "grid_res": 256
}