{
  "OccNet chamfer-L1": 0.003789515620538513,
  "OccNet chamfer-L2": 7.515095728893628e-05,
  "OccNet normal consistency": 0.9722044520114429,
  "OccNet f-scores": 0.960275151918547,
  "DeepSDF chamfer": 0.00015030191457787256,
  "VIoU": 0.9696713089942932,
  "Dice": 0.9846021535722917,
  "pred_is_watertight": false,
  "pred_is_volume": false,
  "num_vertices": 117178,
  "num_faces": 234268,
  "case_name": "s1143",
  "seed": 2024,
  "npy_path": "/home/bsc18/workplace/dataset/Totalsegmentator_dataset_v201_Liver/ok/sampled_20000/npy/3D_Reconstruction/s1143_Segment_1.npy",
  "gt_mesh_path": "/home/bsc18/workplace/dataset/Totalsegmentator_dataset_v201_Liver/ok/sampled_20000/mesh/s1143_Segment_1.stl",
  "final_loss": 0.0575072852730751,
  "model_type": "siren",
  "hidden_features": 128,
  "hidden_layers": 3,
  "first_w0": 15.0,
  "hidden_w0": 15.0,
  "lr": 5e-05,
  "epochs": 200,
  "batch_size": 2048,
  "grid_res": 256
}