{
  "OccNet chamfer-L1": 0.007053317613925834,
  "OccNet chamfer-L2": 0.00016961876516326718,
  "OccNet normal consistency": 0.9370745633709554,
  "OccNet f-scores": 0.8526781988870582,
  "DeepSDF chamfer": 0.00033923753032653436,
  "VIoU": 0.9028048515319824,
  "Dice": 0.9489200520073234,
  "pred_is_watertight": true,
  "pred_is_volume": false,
  "num_vertices": 84030,
  "num_faces": 168048,
  "case_name": "s0045",
  "seed": 2024,
  "npy_path": "/home/bsc18/workplace/dataset/Totalsegmentator_dataset_v201_Liver/ok/sampled_20000/npy/3D_Reconstruction/s0045_Segment_1.npy",
  "gt_mesh_path": "/home/bsc18/workplace/dataset/Totalsegmentator_dataset_v201_Liver/ok/sampled_20000/mesh/s0045_Segment_1.stl",
  "final_loss": 0.21371780054569245,
  "model_type": "siren",
  "hidden_features": 128,
  "hidden_layers": 3,
  "first_w0": 15.0,
  "hidden_w0": 10.0,
  "lr": 5e-05,
  "epochs": 25,
  "batch_size": 2048,
  "grid_res": 256,
  "init_type": "random",
  "init_checkpoint": null
}