{
  "OccNet chamfer-L1": 0.004272115967011533,
  "OccNet chamfer-L2": 0.0001174040705932094,
  "OccNet normal consistency": 0.9745159702145425,
  "OccNet f-scores": 0.9652015213375351,
  "DeepSDF chamfer": 0.0002348081411864188,
  "VIoU": 0.9657986164093018,
  "Dice": 0.9826018021078858,
  "pred_is_watertight": false,
  "pred_is_volume": false,
  "num_vertices": 158503,
  "num_faces": 316904,
  "case_name": "s1206",
  "seed": 2024,
  "npy_path": "/home/bsc18/workplace/dataset/Totalsegmentator_dataset_v201_Liver/ok/sampled_20000/npy/3D_Reconstruction/s1206_Segment_1.npy",
  "gt_mesh_path": "/home/bsc18/workplace/dataset/Totalsegmentator_dataset_v201_Liver/ok/sampled_20000/mesh/s1206_Segment_1.stl",
  "final_loss": 0.06951054481267929,
  "model_type": "siren",
  "hidden_features": 128,
  "hidden_layers": 3,
  "first_w0": 15.0,
  "hidden_w0": 15.0,
  "lr": 5e-05,
  "epochs": 200,
  "batch_size": 2048,
  "grid_res": 256
}