{
  "OccNet chamfer-L1": 0.004570901047630672,
  "OccNet chamfer-L2": 0.00015042572286061285,
  "OccNet normal consistency": 0.9740283023512997,
  "OccNet f-scores": 0.9633967270502597,
  "DeepSDF chamfer": 0.0003008514457212257,
  "VIoU": 0.9414262175559998,
  "Dice": 0.9698295062371903,
  "pred_is_watertight": false,
  "pred_is_volume": false,
  "num_vertices": 151681,
  "num_faces": 303256,
  "case_name": "s0918",
  "seed": 2024,
  "npy_path": "/home/bsc18/workplace/dataset/Totalsegmentator_dataset_v201_Liver/ok/sampled_20000/npy/3D_Reconstruction/s0918_Segment_1.npy",
  "gt_mesh_path": "/home/bsc18/workplace/dataset/Totalsegmentator_dataset_v201_Liver/ok/sampled_20000/mesh/s0918_Segment_1.stl",
  "final_loss": 0.06948704468011856,
  "model_type": "siren",
  "hidden_features": 128,
  "hidden_layers": 3,
  "first_w0": 15.0,
  "hidden_w0": 15.0,
  "lr": 5e-05,
  "epochs": 200,
  "batch_size": 2048,
  "grid_res": 256
}