{
  "OccNet chamfer-L1": 0.003916274156705245,
  "OccNet chamfer-L2": 6.0464043739181875e-05,
  "OccNet normal consistency": 0.9724038190381181,
  "OccNet f-scores": 0.9613767039521194,
  "DeepSDF chamfer": 0.00012092808747836375,
  "VIoU": 0.9642778635025024,
  "Dice": 0.9818141148747284,
  "pred_is_watertight": true,
  "pred_is_volume": false,
  "num_vertices": 138891,
  "num_faces": 277702,
  "case_name": "s1350",
  "seed": 2024,
  "npy_path": "/home/bsc18/workplace/dataset/Totalsegmentator_dataset_v201_Liver/ok/sampled_20000/npy/3D_Reconstruction/s1350_Segment_1.npy",
  "gt_mesh_path": "/home/bsc18/workplace/dataset/Totalsegmentator_dataset_v201_Liver/ok/sampled_20000/mesh/s1350_Segment_1.stl",
  "final_loss": 0.06616300619840622,
  "model_type": "siren",
  "hidden_features": 128,
  "hidden_layers": 3,
  "first_w0": 15.0,
  "hidden_w0": 15.0,
  "lr": 5e-05,
  "epochs": 200,
  "batch_size": 2048,
  "grid_res": 256
}