{
  "OccNet chamfer-L1": 0.0030050115328780266,
  "OccNet chamfer-L2": 5.258084913858957e-05,
  "OccNet normal consistency": 0.9753326793356061,
  "OccNet f-scores": 0.9847858635113046,
  "DeepSDF chamfer": 0.00010516169827717914,
  "VIoU": 0.979225754737854,
  "Dice": 0.9895038520618991,
  "pred_is_watertight": true,
  "pred_is_volume": false,
  "num_vertices": 123646,
  "num_faces": 247244,
  "case_name": "s0752",
  "seed": 2024,
  "npy_path": "/home/bsc18/workplace/dataset/Totalsegmentator_dataset_v201_Liver/ok/sampled_20000/npy/3D_Reconstruction/s0752_Segment_1.npy",
  "gt_mesh_path": "/home/bsc18/workplace/dataset/Totalsegmentator_dataset_v201_Liver/ok/sampled_20000/mesh/s0752_Segment_1.stl",
  "final_loss": 0.041767256796360015,
  "model_type": "siren",
  "hidden_features": 128,
  "hidden_layers": 3,
  "first_w0": 15.0,
  "hidden_w0": 15.0,
  "lr": 5e-05,
  "epochs": 200,
  "batch_size": 2048,
  "grid_res": 256
}