{
  "OccNet chamfer-L1": 0.0025362064850360396,
  "OccNet chamfer-L2": 1.5448483855279812e-05,
  "OccNet normal consistency": 0.9816455087477749,
  "OccNet f-scores": 0.9964545984786143,
  "DeepSDF chamfer": 3.0896967710559624e-05,
  "VIoU": 0.9777157306671143,
  "Dice": 0.9887323248322479,
  "pred_is_watertight": true,
  "pred_is_volume": false,
  "num_vertices": 129676,
  "num_faces": 259336,
  "case_name": "s0754",
  "seed": 2024,
  "npy_path": "/home/bsc18/workplace/dataset/Totalsegmentator_dataset_v201_Liver/ok/sampled_20000/npy/3D_Reconstruction/s0754_Segment_1.npy",
  "gt_mesh_path": "/home/bsc18/workplace/dataset/Totalsegmentator_dataset_v201_Liver/ok/sampled_20000/mesh/s0754_Segment_1.stl",
  "final_loss": 0.05030415948629379,
  "model_type": "siren",
  "hidden_features": 128,
  "hidden_layers": 3,
  "first_w0": 15.0,
  "hidden_w0": 15.0,
  "lr": 5e-05,
  "epochs": 200,
  "batch_size": 2048,
  "grid_res": 256
}