{
  "OccNet chamfer-L1": 0.0033377526308277427,
  "OccNet chamfer-L2": 6.485064958722257e-05,
  "OccNet normal consistency": 0.9694988759040588,
  "OccNet f-scores": 0.9636381385030064,
  "DeepSDF chamfer": 0.00012970129917444514,
  "VIoU": 0.9695912003517151,
  "Dice": 0.9845608491903318,
  "pred_is_watertight": true,
  "pred_is_volume": false,
  "num_vertices": 91336,
  "num_faces": 182588,
  "case_name": "s0045",
  "seed": 2024,
  "npy_path": "/home/bsc18/workplace/dataset/Totalsegmentator_dataset_v201_Liver/ok/sampled_20000/npy/3D_Reconstruction/s0045_Segment_1.npy",
  "gt_mesh_path": "/home/bsc18/workplace/dataset/Totalsegmentator_dataset_v201_Liver/ok/sampled_20000/mesh/s0045_Segment_1.stl",
  "final_loss": 0.05316196634173393,
  "model_type": "siren",
  "hidden_features": 128,
  "hidden_layers": 3,
  "first_w0": 15.0,
  "hidden_w0": 15.0,
  "lr": 5e-05,
  "epochs": 200,
  "batch_size": 2048,
  "grid_res": 256
}