{
  "OccNet chamfer-L1": 0.002879553704836341,
  "OccNet chamfer-L2": 3.403947978760942e-05,
  "OccNet normal consistency": 0.9806452370583022,
  "OccNet f-scores": 0.990420197575984,
  "DeepSDF chamfer": 6.807895957521884e-05,
  "VIoU": 0.9829363822937012,
  "Dice": 0.9913947846025929,
  "pred_is_watertight": true,
  "pred_is_volume": false,
  "num_vertices": 140848,
  "num_faces": 281652,
  "case_name": "s0232",
  "seed": 2024,
  "npy_path": "/home/bsc18/workplace/dataset/Totalsegmentator_dataset_v201_Liver/ok/sampled_20000/npy/3D_Reconstruction/s0232_Segment_1.npy",
  "gt_mesh_path": "/home/bsc18/workplace/dataset/Totalsegmentator_dataset_v201_Liver/ok/sampled_20000/mesh/s0232_Segment_1.stl",
  "final_loss": 0.04246882070302963,
  "model_type": "siren",
  "hidden_features": 128,
  "hidden_layers": 3,
  "first_w0": 15.0,
  "hidden_w0": 15.0,
  "lr": 5e-05,
  "epochs": 200,
  "batch_size": 2048,
  "grid_res": 256
}