{
  "OccNet chamfer-L1": 0.003785745337221187,
  "OccNet chamfer-L2": 7.96174873354867e-05,
  "OccNet normal consistency": 0.9805851774097497,
  "OccNet f-scores": 0.9759629377969852,
  "DeepSDF chamfer": 0.0001592349746709734,
  "VIoU": 0.9820027351379395,
  "Dice": 0.9909196682796652,
  "pred_is_watertight": true,
  "pred_is_volume": false,
  "num_vertices": 183805,
  "num_faces": 367498,
  "case_name": "s1367",
  "seed": 2024,
  "npy_path": "/home/bsc18/workplace/dataset/Totalsegmentator_dataset_v201_Liver/ok/sampled_20000/npy/3D_Reconstruction/s1367_Segment_1.npy",
  "gt_mesh_path": "/home/bsc18/workplace/dataset/Totalsegmentator_dataset_v201_Liver/ok/sampled_20000/mesh/s1367_Segment_1.stl",
  "final_loss": 0.05620430751442909,
  "model_type": "siren",
  "hidden_features": 128,
  "hidden_layers": 3,
  "first_w0": 15.0,
  "hidden_w0": 15.0,
  "lr": 5e-05,
  "epochs": 200,
  "batch_size": 2048,
  "grid_res": 256
}