{
  "OccNet chamfer-L1": 0.0028526028601924725,
  "OccNet chamfer-L2": 3.124578375712054e-05,
  "OccNet normal consistency": 0.982030925730855,
  "OccNet f-scores": 0.991429870395772,
  "DeepSDF chamfer": 6.249156751424108e-05,
  "VIoU": 0.9828919172286987,
  "Dice": 0.9913721451029162,
  "pred_is_watertight": true,
  "pred_is_volume": false,
  "num_vertices": 150062,
  "num_faces": 300088,
  "case_name": "s0472",
  "seed": 2024,
  "npy_path": "/home/bsc18/workplace/dataset/Totalsegmentator_dataset_v201_Liver/ok/sampled_20000/npy/3D_Reconstruction/s0472_Segment_1.npy",
  "gt_mesh_path": "/home/bsc18/workplace/dataset/Totalsegmentator_dataset_v201_Liver/ok/sampled_20000/mesh/s0472_Segment_1.stl",
  "final_loss": 0.041940248376131056,
  "model_type": "siren",
  "hidden_features": 128,
  "hidden_layers": 3,
  "first_w0": 15.0,
  "hidden_w0": 15.0,
  "lr": 5e-05,
  "epochs": 200,
  "batch_size": 2048,
  "grid_res": 256
}