{
  "OccNet chamfer-L1": 0.011240827324153435,
  "OccNet chamfer-L2": 0.00027304731031236093,
  "OccNet normal consistency": 0.8830104412934223,
  "OccNet f-scores": 0.6237615681532513,
  "DeepSDF chamfer": 0.0005460946206247219,
  "VIoU": 0.8331834077835083,
  "Dice": 0.9090016897837713,
  "pred_is_watertight": true,
  "pred_is_volume": false,
  "num_vertices": 87282,
  "num_faces": 174560,
  "case_name": "s0004",
  "seed": 2024,
  "npy_path": "/home/bsc18/workplace/dataset/Totalsegmentator_dataset_v201_Liver/ok/sampled_20000/npy/3D_Reconstruction/s0004_Segment_1.npy",
  "gt_mesh_path": "/home/bsc18/workplace/dataset/Totalsegmentator_dataset_v201_Liver/ok/sampled_20000/mesh/s0004_Segment_1.stl",
  "final_loss": 0.3538273550510406,
  "model_type": "siren",
  "hidden_features": 128,
  "hidden_layers": 3,
  "first_w0": 15.0,
  "hidden_w0": 10.0,
  "lr": 5e-05,
  "epochs": 10,
  "batch_size": 2048,
  "grid_res": 256,
  "init_type": "random",
  "init_checkpoint": null
}