{
  "OccNet chamfer-L1": 0.0032870298320470293,
  "OccNet chamfer-L2": 3.102047486350303e-05,
  "OccNet normal consistency": 0.9746123656795298,
  "OccNet f-scores": 0.9838947235984289,
  "DeepSDF chamfer": 6.204094972700606e-05,
  "VIoU": 0.973391592502594,
  "Dice": 0.9865164100486223,
  "pred_is_watertight": false,
  "pred_is_volume": false,
  "num_vertices": 163357,
  "num_faces": 326654,
  "case_name": "s0250",
  "seed": 2024,
  "npy_path": "/home/bsc18/workplace/dataset/Totalsegmentator_dataset_v201_Liver/ok/sampled_20000/npy/3D_Reconstruction/s0250_Segment_1.npy",
  "gt_mesh_path": "/home/bsc18/workplace/dataset/Totalsegmentator_dataset_v201_Liver/ok/sampled_20000/mesh/s0250_Segment_1.stl",
  "final_loss": 0.0642042479634285,
  "model_type": "siren",
  "hidden_features": 128,
  "hidden_layers": 3,
  "first_w0": 15.0,
  "hidden_w0": 15.0,
  "lr": 5e-05,
  "epochs": 200,
  "batch_size": 2048,
  "grid_res": 256
}