{
  "OccNet chamfer-L1": 0.0034977812639093667,
  "OccNet chamfer-L2": 5.87500003738264e-05,
  "OccNet normal consistency": 0.9752597056513758,
  "OccNet f-scores": 0.966116269414514,
  "DeepSDF chamfer": 0.0001175000007476528,
  "VIoU": 0.9727779030799866,
  "Dice": 0.9862011429164254,
  "pred_is_watertight": true,
  "pred_is_volume": false,
  "num_vertices": 126832,
  "num_faces": 253588,
  "case_name": "s1297",
  "seed": 2024,
  "npy_path": "/home/bsc18/workplace/dataset/Totalsegmentator_dataset_v201_Liver/ok/sampled_20000/npy/3D_Reconstruction/s1297_Segment_1.npy",
  "gt_mesh_path": "/home/bsc18/workplace/dataset/Totalsegmentator_dataset_v201_Liver/ok/sampled_20000/mesh/s1297_Segment_1.stl",
  "final_loss": 0.0516077571451664,
  "model_type": "siren",
  "hidden_features": 128,
  "hidden_layers": 3,
  "first_w0": 15.0,
  "hidden_w0": 15.0,
  "lr": 5e-05,
  "epochs": 200,
  "batch_size": 2048,
  "grid_res": 256
}