{
  "OccNet chamfer-L1": 0.003223539479788845,
  "OccNet chamfer-L2": 4.934083350158878e-05,
  "OccNet normal consistency": 0.9773612186045875,
  "OccNet f-scores": 0.9753230591080504,
  "DeepSDF chamfer": 9.868166700317756e-05,
  "VIoU": 0.9702051877975464,
  "Dice": 0.984877315758506,
  "pred_is_watertight": true,
  "pred_is_volume": false,
  "num_vertices": 101928,
  "num_faces": 203772,
  "case_name": "s0324",
  "seed": 2024,
  "npy_path": "/home/bsc18/workplace/dataset/Totalsegmentator_dataset_v201_Liver/ok/sampled_20000/npy/3D_Reconstruction/s0324_Segment_1.npy",
  "gt_mesh_path": "/home/bsc18/workplace/dataset/Totalsegmentator_dataset_v201_Liver/ok/sampled_20000/mesh/s0324_Segment_1.stl",
  "final_loss": 0.05653406024575233,
  "model_type": "siren",
  "hidden_features": 128,
  "hidden_layers": 3,
  "first_w0": 15.0,
  "hidden_w0": 15.0,
  "lr": 5e-05,
  "epochs": 200,
  "batch_size": 2048,
  "grid_res": 256
}