{
  "OccNet chamfer-L1": 0.0037421028917292206,
  "OccNet chamfer-L2": 7.021972949541187e-05,
  "OccNet normal consistency": 0.975785191233316,
  "OccNet f-scores": 0.9653798103358183,
  "DeepSDF chamfer": 0.00014043945899082374,
  "VIoU": 0.9743254780769348,
  "Dice": 0.986995787078367,
  "pred_is_watertight": true,
  "pred_is_volume": false,
  "num_vertices": 146095,
  "num_faces": 292094,
  "case_name": "s0052",
  "seed": 2024,
  "npy_path": "/home/bsc18/workplace/dataset/Totalsegmentator_dataset_v201_Liver/ok/sampled_20000/npy/3D_Reconstruction/s0052_Segment_1.npy",
  "gt_mesh_path": "/home/bsc18/workplace/dataset/Totalsegmentator_dataset_v201_Liver/ok/sampled_20000/mesh/s0052_Segment_1.stl",
  "final_loss": 0.0567198282122612,
  "model_type": "siren",
  "hidden_features": 128,
  "hidden_layers": 3,
  "first_w0": 15.0,
  "hidden_w0": 15.0,
  "lr": 5e-05,
  "epochs": 200,
  "batch_size": 2048,
  "grid_res": 256
}