{
  "OccNet chamfer-L1": 0.002748094478983603,
  "OccNet chamfer-L2": 3.207190691125905e-05,
  "OccNet normal consistency": 0.9799049990548258,
  "OccNet f-scores": 0.9912684842738112,
  "DeepSDF chamfer": 6.41438138225181e-05,
  "VIoU": 0.985981822013855,
  "Dice": 0.9929414511806317,
  "pred_is_watertight": true,
  "pred_is_volume": false,
  "num_vertices": 148486,
  "num_faces": 296944,
  "case_name": "s0628",
  "seed": 2024,
  "npy_path": "/home/bsc18/workplace/dataset/Totalsegmentator_dataset_v201_Liver/ok/sampled_20000/npy/3D_Reconstruction/s0628_Segment_1.npy",
  "gt_mesh_path": "/home/bsc18/workplace/dataset/Totalsegmentator_dataset_v201_Liver/ok/sampled_20000/mesh/s0628_Segment_1.stl",
  "final_loss": 0.03654405014514923,
  "model_type": "siren",
  "hidden_features": 128,
  "hidden_layers": 3,
  "first_w0": 15.0,
  "hidden_w0": 15.0,
  "lr": 5e-05,
  "epochs": 200,
  "batch_size": 2048,
  "grid_res": 256
}