{
  "OccNet chamfer-L1": 0.0030739504589029137,
  "OccNet chamfer-L2": 3.191527832387106e-05,
  "OccNet normal consistency": 0.9813657722905605,
  "OccNet f-scores": 0.9899143190909092,
  "DeepSDF chamfer": 6.383055664774212e-05,
  "VIoU": 0.9834583401679993,
  "Dice": 0.991660179995366,
  "pred_is_watertight": true,
  "pred_is_volume": false,
  "num_vertices": 176502,
  "num_faces": 352960,
  "case_name": "s0950",
  "seed": 2024,
  "npy_path": "/home/bsc18/workplace/dataset/Totalsegmentator_dataset_v201_Liver/ok/sampled_20000/npy/3D_Reconstruction/s0950_Segment_1.npy",
  "gt_mesh_path": "/home/bsc18/workplace/dataset/Totalsegmentator_dataset_v201_Liver/ok/sampled_20000/mesh/s0950_Segment_1.stl",
  "final_loss": 0.046909728980064395,
  "model_type": "siren",
  "hidden_features": 128,
  "hidden_layers": 3,
  "first_w0": 15.0,
  "hidden_w0": 15.0,
  "lr": 5e-05,
  "epochs": 200,
  "batch_size": 2048,
  "grid_res": 256
}