{
  "OccNet chamfer-L1": 0.003403029060599366,
  "OccNet chamfer-L2": 4.091305829555157e-05,
  "OccNet normal consistency": 0.9809234328152998,
  "OccNet f-scores": 0.980141225239193,
  "DeepSDF chamfer": 8.182611659110314e-05,
  "VIoU": 0.9823443293571472,
  "Dice": 0.991093545093304,
  "pred_is_watertight": true,
  "pred_is_volume": false,
  "num_vertices": 185133,
  "num_faces": 370194,
  "case_name": "s0985",
  "seed": 2024,
  "npy_path": "/home/bsc18/workplace/dataset/Totalsegmentator_dataset_v201_Liver/ok/sampled_20000/npy/3D_Reconstruction/s0985_Segment_1.npy",
  "gt_mesh_path": "/home/bsc18/workplace/dataset/Totalsegmentator_dataset_v201_Liver/ok/sampled_20000/mesh/s0985_Segment_1.stl",
  "final_loss": 0.0527495515525341,
  "model_type": "siren",
  "hidden_features": 128,
  "hidden_layers": 3,
  "first_w0": 15.0,
  "hidden_w0": 15.0,
  "lr": 5e-05,
  "epochs": 200,
  "batch_size": 2048,
  "grid_res": 256
}