{
  "OccNet chamfer-L1": 0.011437713186246812,
  "OccNet chamfer-L2": 0.0020045167499111996,
  "OccNet normal consistency": 0.9438986058477734,
  "OccNet f-scores": 0.908154391190649,
  "DeepSDF chamfer": 0.004009033499822399,
  "VIoU": 0.9645425081253052,
  "Dice": 0.9819512810063941,
  "pred_is_watertight": true,
  "pred_is_volume": false,
  "num_vertices": 183299,
  "num_faces": 366102,
  "case_name": "s1206",
  "seed": 2024,
  "npy_path": "/home/bsc18/workplace/dataset/Totalsegmentator_dataset_v201_Liver/ok/sampled_20000/npy/3D_Reconstruction/s1206_Segment_1.npy",
  "gt_mesh_path": "/home/bsc18/workplace/dataset/Totalsegmentator_dataset_v201_Liver/ok/sampled_20000/mesh/s1206_Segment_1.stl",
  "final_loss": 0.023069948467612268,
  "model_type": "siren",
  "hidden_features": 128,
  "hidden_layers": 3,
  "first_w0": 15.0,
  "hidden_w0": 15.0,
  "lr": 5e-05,
  "epochs": 200,
  "batch_size": 2048,
  "grid_res": 256
}