{
  "OccNet chamfer-L1": 0.003295562397275604,
  "OccNet chamfer-L2": 4.047408532089509e-05,
  "OccNet normal consistency": 0.9765983023229048,
  "OccNet f-scores": 0.9738065126018076,
  "DeepSDF chamfer": 8.094817064179018e-05,
  "VIoU": 0.9762658476829529,
  "Dice": 0.9879904078533881,
  "pred_is_watertight": false,
  "pred_is_volume": false,
  "num_vertices": 131138,
  "num_faces": 262192,
  "case_name": "s0549",
  "seed": 2024,
  "npy_path": "/home/bsc18/workplace/dataset/Totalsegmentator_dataset_v201_Liver/ok/sampled_20000/npy/3D_Reconstruction/s0549_Segment_1.npy",
  "gt_mesh_path": "/home/bsc18/workplace/dataset/Totalsegmentator_dataset_v201_Liver/ok/sampled_20000/mesh/s0549_Segment_1.stl",
  "final_loss": 0.05292396223545075,
  "model_type": "siren",
  "hidden_features": 128,
  "hidden_layers": 3,
  "first_w0": 15.0,
  "hidden_w0": 15.0,
  "lr": 5e-05,
  "epochs": 200,
  "batch_size": 2048,
  "grid_res": 256
}