{
  "OccNet chamfer-L1": 0.004517363040551005,
  "OccNet chamfer-L2": 0.00014309899985295534,
  "OccNet normal consistency": 0.9691716750756616,
  "OccNet f-scores": 0.9515205022886115,
  "DeepSDF chamfer": 0.0002861979997059107,
  "VIoU": 0.9770377278327942,
  "Dice": 0.9883855237941221,
  "pred_is_watertight": false,
  "pred_is_volume": false,
  "num_vertices": 164305,
  "num_faces": 328440,
  "case_name": "s0161",
  "seed": 2024,
  "npy_path": "/home/bsc18/workplace/dataset/Totalsegmentator_dataset_v201_Liver/ok/sampled_20000/npy/3D_Reconstruction/s0161_Segment_1.npy",
  "gt_mesh_path": "/home/bsc18/workplace/dataset/Totalsegmentator_dataset_v201_Liver/ok/sampled_20000/mesh/s0161_Segment_1.stl",
  "final_loss": 0.03249572424292564,
  "model_type": "siren",
  "hidden_features": 128,
  "hidden_layers": 3,
  "first_w0": 15.0,
  "hidden_w0": 15.0,
  "lr": 5e-05,
  "epochs": 200,
  "batch_size": 2048,
  "grid_res": 256
}