{
  "OccNet chamfer-L1": 0.0036949801003012366,
  "OccNet chamfer-L2": 6.750609182880927e-05,
  "OccNet normal consistency": 0.9776705558787905,
  "OccNet f-scores": 0.968258408027446,
  "DeepSDF chamfer": 0.00013501218365761855,
  "VIoU": 0.9792657494544983,
  "Dice": 0.9895242762509103,
  "pred_is_watertight": false,
  "pred_is_volume": false,
  "num_vertices": 155447,
  "num_faces": 310800,
  "case_name": "s0628",
  "seed": 2024,
  "npy_path": "/home/bsc18/workplace/dataset/Totalsegmentator_dataset_v201_Liver/ok/sampled_20000/npy/3D_Reconstruction/s0628_Segment_1.npy",
  "gt_mesh_path": "/home/bsc18/workplace/dataset/Totalsegmentator_dataset_v201_Liver/ok/sampled_20000/mesh/s0628_Segment_1.stl",
  "final_loss": 0.05273228305578232,
  "model_type": "siren",
  "hidden_features": 128,
  "hidden_layers": 3,
  "first_w0": 15.0,
  "hidden_w0": 15.0,
  "lr": 5e-05,
  "epochs": 200,
  "batch_size": 2048,
  "grid_res": 256
}