{
  "OccNet chamfer-L1": 0.004316156935723196,
  "OccNet chamfer-L2": 0.00012966424325050176,
  "OccNet normal consistency": 0.9643590285084986,
  "OccNet f-scores": 0.9488936007399933,
  "DeepSDF chamfer": 0.0002593284865010035,
  "VIoU": 0.9686374664306641,
  "Dice": 0.9840689092620956,
  "pred_is_watertight": true,
  "pred_is_volume": false,
  "num_vertices": 117096,
  "num_faces": 234084,
  "case_name": "s0004",
  "seed": 2024,
  "npy_path": "/home/bsc18/workplace/dataset/Totalsegmentator_dataset_v201_Liver/ok/sampled_20000/npy/3D_Reconstruction/s0004_Segment_1.npy",
  "gt_mesh_path": "/home/bsc18/workplace/dataset/Totalsegmentator_dataset_v201_Liver/ok/sampled_20000/mesh/s0004_Segment_1.stl",
  "final_loss": 0.03263388703465462,
  "model_type": "siren",
  "hidden_features": 128,
  "hidden_layers": 3,
  "first_w0": 15.0,
  "hidden_w0": 15.0,
  "lr": 5e-05,
  "epochs": 200,
  "batch_size": 2048,
  "grid_res": 256
}