{
  "OccNet chamfer-L1": 0.0023040761313464653,
  "OccNet chamfer-L2": 8.256399195567077e-06,
  "OccNet normal consistency": 0.9713017777004842,
  "OccNet f-scores": 0.9940386209081947,
  "DeepSDF chamfer": 1.6512798391134153e-05,
  "VIoU": 0.9725555181503296,
  "Dice": 0.9860868493532381,
  "pred_is_watertight": false,
  "pred_is_volume": false,
  "num_vertices": 85444,
  "num_faces": 170888,
  "case_name": "s0045",
  "seed": 2024,
  "npy_path": "/home/bsc18/workplace/dataset/Totalsegmentator_dataset_v201_Liver/ok/sampled_20000/npy/3D_Reconstruction/s0045_Segment_1.npy",
  "gt_mesh_path": "/home/bsc18/workplace/dataset/Totalsegmentator_dataset_v201_Liver/ok/sampled_20000/mesh/s0045_Segment_1.stl",
  "final_loss": 0.05337528746724129,
  "model_type": "relu",
  "hidden_features": 128,
  "hidden_layers": 5,
  "lr": 0.001,
  "epochs": 600,
  "batch_size": 2048,
  "grid_res": 256
}