{
  "OccNet chamfer-L1": 0.00401867668402047,
  "OccNet chamfer-L2": 9.242558786852226e-05,
  "OccNet normal consistency": 0.9718023472120605,
  "OccNet f-scores": 0.9610717565249931,
  "DeepSDF chamfer": 0.00018485117573704453,
  "VIoU": 0.9747868776321411,
  "Dice": 0.9872324989138972,
  "pred_is_watertight": true,
  "pred_is_volume": false,
  "num_vertices": 150193,
  "num_faces": 300290,
  "case_name": "s0957",
  "seed": 2024,
  "npy_path": "/home/bsc18/workplace/dataset/Totalsegmentator_dataset_v201_Liver/ok/sampled_20000/npy/3D_Reconstruction/s0957_Segment_1.npy",
  "gt_mesh_path": "/home/bsc18/workplace/dataset/Totalsegmentator_dataset_v201_Liver/ok/sampled_20000/mesh/s0957_Segment_1.stl",
  "final_loss": 0.05443759580850601,
  "model_type": "siren",
  "hidden_features": 128,
  "hidden_layers": 3,
  "first_w0": 15.0,
  "hidden_w0": 15.0,
  "lr": 5e-05,
  "epochs": 200,
  "batch_size": 2048,
  "grid_res": 256
}