{
  "OccNet chamfer-L1": 0.003369430512855094,
  "OccNet chamfer-L2": 4.091782521011513e-05,
  "OccNet normal consistency": 0.9807687913386665,
  "OccNet f-scores": 0.9829614929335361,
  "DeepSDF chamfer": 8.183565042023027e-05,
  "VIoU": 0.9797276258468628,
  "Dice": 0.9897600271658701,
  "pred_is_watertight": true,
  "pred_is_volume": false,
  "num_vertices": 170128,
  "num_faces": 340172,
  "case_name": "s0220",
  "seed": 2024,
  "npy_path": "/home/bsc18/workplace/dataset/Totalsegmentator_dataset_v201_Liver/ok/sampled_20000/npy/3D_Reconstruction/s0220_Segment_1.npy",
  "gt_mesh_path": "/home/bsc18/workplace/dataset/Totalsegmentator_dataset_v201_Liver/ok/sampled_20000/mesh/s0220_Segment_1.stl",
  "final_loss": 0.060491375529766085,
  "model_type": "siren",
  "hidden_features": 128,
  "hidden_layers": 3,
  "first_w0": 15.0,
  "hidden_w0": 15.0,
  "lr": 5e-05,
  "epochs": 200,
  "batch_size": 2048,
  "grid_res": 256
}