{
  "OccNet chamfer-L1": 0.003864105340149307,
  "OccNet chamfer-L2": 6.592593481485876e-05,
  "OccNet normal consistency": 0.9753871363514242,
  "OccNet f-scores": 0.9728617983416048,
  "DeepSDF chamfer": 0.00013185186962971752,
  "VIoU": 0.9770389795303345,
  "Dice": 0.988386167200391,
  "pred_is_watertight": true,
  "pred_is_volume": false,
  "num_vertices": 189449,
  "num_faces": 378846,
  "case_name": "s0058",
  "seed": 2024,
  "npy_path": "/home/bsc18/workplace/dataset/Totalsegmentator_dataset_v201_Liver/ok/sampled_20000/npy/3D_Reconstruction/s0058_Segment_1.npy",
  "gt_mesh_path": "/home/bsc18/workplace/dataset/Totalsegmentator_dataset_v201_Liver/ok/sampled_20000/mesh/s0058_Segment_1.stl",
  "final_loss": 0.059477770066261294,
  "model_type": "siren",
  "hidden_features": 128,
  "hidden_layers": 3,
  "first_w0": 15.0,
  "hidden_w0": 15.0,
  "lr": 5e-05,
  "epochs": 200,
  "batch_size": 2048,
  "grid_res": 256
}