{
  "OccNet chamfer-L1": 0.009874587564767811,
  "OccNet chamfer-L2": 0.0016768980639318971,
  "OccNet normal consistency": 0.9492352031548779,
  "OccNet f-scores": 0.9241384424708307,
  "DeepSDF chamfer": 0.0033537961278637942,
  "VIoU": 0.9703381061553955,
  "Dice": 0.9849457818973714,
  "pred_is_watertight": false,
  "pred_is_volume": false,
  "num_vertices": 185771,
  "num_faces": 371060,
  "case_name": "s1326",
  "seed": 2024,
  "npy_path": "/home/bsc18/workplace/dataset/Totalsegmentator_dataset_v201_Liver/ok/sampled_20000/npy/3D_Reconstruction/s1326_Segment_1.npy",
  "gt_mesh_path": "/home/bsc18/workplace/dataset/Totalsegmentator_dataset_v201_Liver/ok/sampled_20000/mesh/s1326_Segment_1.stl",
  "final_loss": 0.020302348440885545,
  "model_type": "siren",
  "hidden_features": 128,
  "hidden_layers": 3,
  "first_w0": 15.0,
  "hidden_w0": 15.0,
  "lr": 5e-05,
  "epochs": 200,
  "batch_size": 2048,
  "grid_res": 256
}