{
  "OccNet chamfer-L1": 0.003489285196530352,
  "OccNet chamfer-L2": 3.9868274368034794e-05,
  "OccNet normal consistency": 0.9794609894147918,
  "OccNet f-scores": 0.9782191353003097,
  "DeepSDF chamfer": 7.973654873606959e-05,
  "VIoU": 0.9757891297340393,
  "Dice": 0.9877462348633859,
  "pred_is_watertight": true,
  "pred_is_volume": false,
  "num_vertices": 172634,
  "num_faces": 345208,
  "case_name": "s0163",
  "seed": 2024,
  "npy_path": "/home/bsc18/workplace/dataset/Totalsegmentator_dataset_v201_Liver/ok/sampled_20000/npy/3D_Reconstruction/s0163_Segment_1.npy",
  "gt_mesh_path": "/home/bsc18/workplace/dataset/Totalsegmentator_dataset_v201_Liver/ok/sampled_20000/mesh/s0163_Segment_1.stl",
  "final_loss": 0.060007081699371335,
  "model_type": "siren",
  "hidden_features": 128,
  "hidden_layers": 3,
  "first_w0": 15.0,
  "hidden_w0": 15.0,
  "lr": 5e-05,
  "epochs": 200,
  "batch_size": 2048,
  "grid_res": 256
}