{
  "OccNet chamfer-L1": 0.0031156682080423076,
  "OccNet chamfer-L2": 3.1514230153728964e-05,
  "OccNet normal consistency": 0.9728879245238312,
  "OccNet f-scores": 0.9786941455865904,
  "DeepSDF chamfer": 6.302846030745793e-05,
  "VIoU": 0.9719670414924622,
  "Dice": 0.985784266758538,
  "pred_is_watertight": true,
  "pred_is_volume": false,
  "num_vertices": 128804,
  "num_faces": 257560,
  "case_name": "s1371",
  "seed": 2024,
  "npy_path": "/home/bsc18/workplace/dataset/Totalsegmentator_dataset_v201_Liver/ok/sampled_20000/npy/3D_Reconstruction/s1371_Segment_1.npy",
  "gt_mesh_path": "/home/bsc18/workplace/dataset/Totalsegmentator_dataset_v201_Liver/ok/sampled_20000/mesh/s1371_Segment_1.stl",
  "final_loss": 0.06280800945162773,
  "model_type": "siren",
  "hidden_features": 128,
  "hidden_layers": 3,
  "first_w0": 15.0,
  "hidden_w0": 15.0,
  "lr": 5e-05,
  "epochs": 200,
  "batch_size": 2048,
  "grid_res": 256
}