{
  "OccNet chamfer-L1": 0.004253796816567723,
  "OccNet chamfer-L2": 0.00012240262246364088,
  "OccNet normal consistency": 0.9737466551262044,
  "OccNet f-scores": 0.9633686963373858,
  "DeepSDF chamfer": 0.00024480524492728176,
  "VIoU": 0.9750896096229553,
  "Dice": 0.9873877211415245,
  "pred_is_watertight": true,
  "pred_is_volume": false,
  "num_vertices": 154848,
  "num_faces": 309576,
  "case_name": "s0287",
  "seed": 2024,
  "npy_path": "/home/bsc18/workplace/dataset/Totalsegmentator_dataset_v201_Liver/ok/sampled_20000/npy/3D_Reconstruction/s0287_Segment_1.npy",
  "gt_mesh_path": "/home/bsc18/workplace/dataset/Totalsegmentator_dataset_v201_Liver/ok/sampled_20000/mesh/s0287_Segment_1.stl",
  "final_loss": 0.056464033126831056,
  "model_type": "siren",
  "hidden_features": 128,
  "hidden_layers": 3,
  "first_w0": 15.0,
  "hidden_w0": 15.0,
  "lr": 5e-05,
  "epochs": 200,
  "batch_size": 2048,
  "grid_res": 256
}