{
  "OccNet chamfer-L1": 0.002472359622637177,
  "OccNet chamfer-L2": 1.512390996474772e-05,
  "OccNet normal consistency": 0.982430333011733,
  "OccNet f-scores": 0.9956851134879985,
  "DeepSDF chamfer": 3.024781992949544e-05,
  "VIoU": 0.9782407879829407,
  "Dice": 0.9890007328081467,
  "pred_is_watertight": false,
  "pred_is_volume": false,
  "num_vertices": 117756,
  "num_faces": 235488,
  "case_name": "s0687",
  "seed": 2024,
  "npy_path": "/home/bsc18/workplace/dataset/Totalsegmentator_dataset_v201_Liver/ok/sampled_20000/npy/3D_Reconstruction/s0687_Segment_1.npy",
  "gt_mesh_path": "/home/bsc18/workplace/dataset/Totalsegmentator_dataset_v201_Liver/ok/sampled_20000/mesh/s0687_Segment_1.stl",
  "final_loss": 0.039630256301164624,
  "model_type": "siren",
  "hidden_features": 128,
  "hidden_layers": 3,
  "first_w0": 15.0,
  "hidden_w0": 15.0,
  "lr": 5e-05,
  "epochs": 200,
  "batch_size": 2048,
  "grid_res": 256
}