{
  "OccNet chamfer-L1": 0.004452715895871768,
  "OccNet chamfer-L2": 0.0001251617276171162,
  "OccNet normal consistency": 0.9743172018413955,
  "OccNet f-scores": 0.9550436384918873,
  "DeepSDF chamfer": 0.0002503234552342324,
  "VIoU": 0.9747267961502075,
  "Dice": 0.987201683539984,
  "pred_is_watertight": false,
  "pred_is_volume": false,
  "num_vertices": 150380,
  "num_faces": 300656,
  "case_name": "s0232",
  "seed": 2024,
  "npy_path": "/home/bsc18/workplace/dataset/Totalsegmentator_dataset_v201_Liver/ok/sampled_20000/npy/3D_Reconstruction/s0232_Segment_1.npy",
  "gt_mesh_path": "/home/bsc18/workplace/dataset/Totalsegmentator_dataset_v201_Liver/ok/sampled_20000/mesh/s0232_Segment_1.stl",
  "final_loss": 0.05688619719743729,
  "model_type": "siren",
  "hidden_features": 128,
  "hidden_layers": 3,
  "first_w0": 15.0,
  "hidden_w0": 15.0,
  "lr": 5e-05,
  "epochs": 200,
  "batch_size": 2048,
  "grid_res": 256
}