{
  "OccNet chamfer-L1": 0.017455427204977843,
  "OccNet chamfer-L2": 0.005032198298862259,
  "OccNet normal consistency": 0.9325046400555423,
  "OccNet f-scores": 0.8742541934031296,
  "DeepSDF chamfer": 0.010064396597724517,
  "VIoU": 0.9462525248527527,
  "Dice": 0.9723841116105537,
  "pred_is_watertight": false,
  "pred_is_volume": false,
  "num_vertices": 116510,
  "num_faces": 232648,
  "case_name": "s1276",
  "seed": 2024,
  "npy_path": "/home/bsc18/workplace/dataset/Totalsegmentator_dataset_v201_Liver/ok/sampled_20000/npy/3D_Reconstruction/s1276_Segment_1.npy",
  "gt_mesh_path": "/home/bsc18/workplace/dataset/Totalsegmentator_dataset_v201_Liver/ok/sampled_20000/mesh/s1276_Segment_1.stl",
  "final_loss": 0.020082776445150375,
  "model_type": "siren",
  "hidden_features": 128,
  "hidden_layers": 3,
  "first_w0": 15.0,
  "hidden_w0": 15.0,
  "lr": 5e-05,
  "epochs": 200,
  "batch_size": 2048,
  "grid_res": 256
}