{
  "OccNet chamfer-L1": 0.003866284209455505,
  "OccNet chamfer-L2": 7.737528802418191e-05,
  "OccNet normal consistency": 0.9768805734808959,
  "OccNet f-scores": 0.9689556962612726,
  "DeepSDF chamfer": 0.00015475057604836382,
  "VIoU": 0.9767182469367981,
  "Dice": 0.988222023985445,
  "pred_is_watertight": true,
  "pred_is_volume": false,
  "num_vertices": 156725,
  "num_faces": 313342,
  "case_name": "s0651",
  "seed": 2024,
  "npy_path": "/home/bsc18/workplace/dataset/Totalsegmentator_dataset_v201_Liver/ok/sampled_20000/npy/3D_Reconstruction/s0651_Segment_1.npy",
  "gt_mesh_path": "/home/bsc18/workplace/dataset/Totalsegmentator_dataset_v201_Liver/ok/sampled_20000/mesh/s0651_Segment_1.stl",
  "final_loss": 0.06260798283815384,
  "model_type": "siren",
  "hidden_features": 128,
  "hidden_layers": 3,
  "first_w0": 15.0,
  "hidden_w0": 15.0,
  "lr": 5e-05,
  "epochs": 200,
  "batch_size": 2048,
  "grid_res": 256
}