{
  "OccNet chamfer-L1": 0.005383482101654022,
  "OccNet chamfer-L2": 8.89151609909332e-05,
  "OccNet normal consistency": 0.9522218569092367,
  "OccNet f-scores": 0.9084505814977004,
  "DeepSDF chamfer": 0.0001778303219818664,
  "VIoU": 0.9434577822685242,
  "Dice": 0.9709063912842552,
  "pred_is_watertight": true,
  "pred_is_volume": false,
  "num_vertices": 128612,
  "num_faces": 257216,
  "case_name": "s0040",
  "seed": 2024,
  "npy_path": "/home/bsc18/workplace/dataset/Totalsegmentator_dataset_v201_Liver/ok/sampled_20000/npy/3D_Reconstruction/s0040_Segment_1.npy",
  "gt_mesh_path": "/home/bsc18/workplace/dataset/Totalsegmentator_dataset_v201_Liver/ok/sampled_20000/mesh/s0040_Segment_1.stl",
  "final_loss": 0.20200367803573607,
  "model_type": "siren",
  "hidden_features": 128,
  "hidden_layers": 3,
  "first_w0": 15.0,
  "hidden_w0": 10.0,
  "lr": 5e-05,
  "epochs": 25,
  "batch_size": 2048,
  "grid_res": 256,
  "init_type": "random",
  "init_checkpoint": null
}