{
  "OccNet chamfer-L1": 0.010607221045027542,
  "OccNet chamfer-L2": 0.0021701674905750504,
  "OccNet normal consistency": 0.9499692683393478,
  "OccNet f-scores": 0.9264259020459438,
  "DeepSDF chamfer": 0.004340334981150101,
  "VIoU": 0.9722904562950134,
  "Dice": 0.9859505656281968,
  "pred_is_watertight": true,
  "pred_is_volume": false,
  "num_vertices": 162294,
  "num_faces": 324204,
  "case_name": "s1332",
  "seed": 2024,
  "npy_path": "/home/bsc18/workplace/dataset/Totalsegmentator_dataset_v201_Liver/ok/sampled_20000/npy/3D_Reconstruction/s1332_Segment_1.npy",
  "gt_mesh_path": "/home/bsc18/workplace/dataset/Totalsegmentator_dataset_v201_Liver/ok/sampled_20000/mesh/s1332_Segment_1.stl",
  "final_loss": 0.02029314526617527,
  "model_type": "siren",
  "hidden_features": 128,
  "hidden_layers": 3,
  "first_w0": 15.0,
  "hidden_w0": 15.0,
  "lr": 5e-05,
  "epochs": 200,
  "batch_size": 2048,
  "grid_res": 256
}