{
  "OccNet chamfer-L1": 0.004125435573510553,
  "OccNet chamfer-L2": 8.243169362990268e-05,
  "OccNet normal consistency": 0.974379519651847,
  "OccNet f-scores": 0.9617851037318547,
  "DeepSDF chamfer": 0.00016486338725980537,
  "VIoU": 0.9729771018028259,
  "Dice": 0.9863035046742626,
  "pred_is_watertight": true,
  "pred_is_volume": false,
  "num_vertices": 166217,
  "num_faces": 332342,
  "case_name": "s1326",
  "seed": 2024,
  "npy_path": "/home/bsc18/workplace/dataset/Totalsegmentator_dataset_v201_Liver/ok/sampled_20000/npy/3D_Reconstruction/s1326_Segment_1.npy",
  "gt_mesh_path": "/home/bsc18/workplace/dataset/Totalsegmentator_dataset_v201_Liver/ok/sampled_20000/mesh/s1326_Segment_1.stl",
  "final_loss": 0.05644418140053749,
  "model_type": "siren",
  "hidden_features": 128,
  "hidden_layers": 3,
  "first_w0": 15.0,
  "hidden_w0": 15.0,
  "lr": 5e-05,
  "epochs": 200,
  "batch_size": 2048,
  "grid_res": 256
}