{
  "OccNet chamfer-L1": 0.0038512772494127667,
  "OccNet chamfer-L2": 5.69765632919236e-05,
  "OccNet normal consistency": 0.9765644678477743,
  "OccNet f-scores": 0.9632347033748885,
  "DeepSDF chamfer": 0.0001139531265838472,
  "VIoU": 0.9776726365089417,
  "Dice": 0.9887102845214596,
  "pred_is_watertight": false,
  "pred_is_volume": false,
  "num_vertices": 187735,
  "num_faces": 375348,
  "case_name": "s1131",
  "seed": 2024,
  "npy_path": "/home/bsc18/workplace/dataset/Totalsegmentator_dataset_v201_Liver/ok/sampled_20000/npy/3D_Reconstruction/s1131_Segment_1.npy",
  "gt_mesh_path": "/home/bsc18/workplace/dataset/Totalsegmentator_dataset_v201_Liver/ok/sampled_20000/mesh/s1131_Segment_1.stl",
  "final_loss": 0.058319893050193784,
  "model_type": "siren",
  "hidden_features": 128,
  "hidden_layers": 3,
  "first_w0": 15.0,
  "hidden_w0": 15.0,
  "lr": 5e-05,
  "epochs": 200,
  "batch_size": 2048,
  "grid_res": 256
}