{
  "OccNet chamfer-L1": 0.0024726493946466083,
  "OccNet chamfer-L2": 1.7728362884836713e-05,
  "OccNet normal consistency": 0.9789778931082422,
  "OccNet f-scores": 0.9929032702369261,
  "DeepSDF chamfer": 3.5456725769673425e-05,
  "VIoU": 0.9511895775794983,
  "Dice": 0.974984281835572,
  "pred_is_watertight": false,
  "pred_is_volume": false,
  "num_vertices": 126722,
  "num_faces": 253420,
  "case_name": "s0549",
  "seed": 2024,
  "npy_path": "/home/bsc18/workplace/dataset/Totalsegmentator_dataset_v201_Liver/ok/sampled_20000/npy/3D_Reconstruction/s0549_Segment_1.npy",
  "gt_mesh_path": "/home/bsc18/workplace/dataset/Totalsegmentator_dataset_v201_Liver/ok/sampled_20000/mesh/s0549_Segment_1.stl",
  "final_loss": 0.037316071873903275,
  "model_type": "siren",
  "hidden_features": 128,
  "hidden_layers": 3,
  "first_w0": 15.0,
  "hidden_w0": 15.0,
  "lr": 5e-05,
  "epochs": 200,
  "batch_size": 2048,
  "grid_res": 256
}