{
  "OccNet chamfer-L1": 0.0032250321583843387,
  "OccNet chamfer-L2": 4.7598151117592426e-05,
  "OccNet normal consistency": 0.9709471076540745,
  "OccNet f-scores": 0.9757515139158542,
  "DeepSDF chamfer": 9.519630223518485e-05,
  "VIoU": 0.9724536538124084,
  "Dice": 0.9860344858651195,
  "pred_is_watertight": true,
  "pred_is_volume": false,
  "num_vertices": 119840,
  "num_faces": 239600,
  "case_name": "s0912",
  "seed": 2024,
  "npy_path": "/home/bsc18/workplace/dataset/Totalsegmentator_dataset_v201_Liver/ok/sampled_20000/npy/3D_Reconstruction/s0912_Segment_1.npy",
  "gt_mesh_path": "/home/bsc18/workplace/dataset/Totalsegmentator_dataset_v201_Liver/ok/sampled_20000/mesh/s0912_Segment_1.stl",
  "final_loss": 0.06359903441667557,
  "model_type": "siren",
  "hidden_features": 128,
  "hidden_layers": 3,
  "first_w0": 15.0,
  "hidden_w0": 15.0,
  "lr": 5e-05,
  "epochs": 200,
  "batch_size": 2048,
  "grid_res": 256
}