{
  "OccNet chamfer-L1": 0.0036529917409584773,
  "OccNet chamfer-L2": 6.14345666330632e-05,
  "OccNet normal consistency": 0.9755942442319703,
  "OccNet f-scores": 0.9660610826965037,
  "DeepSDF chamfer": 0.0001228691332661264,
  "VIoU": 0.9756491184234619,
  "Dice": 0.9876745034286887,
  "pred_is_watertight": true,
  "pred_is_volume": false,
  "num_vertices": 136550,
  "num_faces": 273032,
  "case_name": "s0592",
  "seed": 2024,
  "npy_path": "/home/bsc18/workplace/dataset/Totalsegmentator_dataset_v201_Liver/ok/sampled_20000/npy/3D_Reconstruction/s0592_Segment_1.npy",
  "gt_mesh_path": "/home/bsc18/workplace/dataset/Totalsegmentator_dataset_v201_Liver/ok/sampled_20000/mesh/s0592_Segment_1.stl",
  "final_loss": 0.058638013219833376,
  "model_type": "siren",
  "hidden_features": 128,
  "hidden_layers": 3,
  "first_w0": 15.0,
  "hidden_w0": 15.0,
  "lr": 5e-05,
  "epochs": 200,
  "batch_size": 2048,
  "grid_res": 256
}