{
  "OccNet chamfer-L1": 0.0029223564303006086,
  "OccNet chamfer-L2": 4.4677298702872874e-05,
  "OccNet normal consistency": 0.9764697340165378,
  "OccNet f-scores": 0.9788259780127757,
  "DeepSDF chamfer": 8.935459740574575e-05,
  "VIoU": 0.9785063862800598,
  "Dice": 0.989136442701203,
  "pred_is_watertight": true,
  "pred_is_volume": false,
  "num_vertices": 112076,
  "num_faces": 224112,
  "case_name": "s0708",
  "seed": 2024,
  "npy_path": "/home/bsc18/workplace/dataset/Totalsegmentator_dataset_v201_Liver/ok/sampled_20000/npy/3D_Reconstruction/s0708_Segment_1.npy",
  "gt_mesh_path": "/home/bsc18/workplace/dataset/Totalsegmentator_dataset_v201_Liver/ok/sampled_20000/mesh/s0708_Segment_1.stl",
  "final_loss": 0.03727134235799313,
  "model_type": "siren",
  "hidden_features": 128,
  "hidden_layers": 3,
  "first_w0": 15.0,
  "hidden_w0": 15.0,
  "lr": 5e-05,
  "epochs": 200,
  "batch_size": 2048,
  "grid_res": 256
}