{
  "OccNet chamfer-L1": 0.014356661899877866,
  "OccNet chamfer-L2": 0.003144266919371361,
  "OccNet normal consistency": 0.9359316333787768,
  "OccNet f-scores": 0.8938771002710028,
  "DeepSDF chamfer": 0.006288533838742722,
  "VIoU": 0.957754909992218,
  "Dice": 0.9784216520530599,
  "pred_is_watertight": true,
  "pred_is_volume": false,
  "num_vertices": 78627,
  "num_faces": 156934,
  "case_name": "s1423",
  "seed": 2024,
  "npy_path": "/home/bsc18/workplace/dataset/Totalsegmentator_dataset_v201_Liver/ok/sampled_20000/npy/3D_Reconstruction/s1423_Segment_1.npy",
  "gt_mesh_path": "/home/bsc18/workplace/dataset/Totalsegmentator_dataset_v201_Liver/ok/sampled_20000/mesh/s1423_Segment_1.stl",
  "final_loss": 0.02258930560350418,
  "model_type": "siren",
  "hidden_features": 128,
  "hidden_layers": 3,
  "first_w0": 15.0,
  "hidden_w0": 15.0,
  "lr": 5e-05,
  "epochs": 200,
  "batch_size": 2048,
  "grid_res": 256
}