{
  "OccNet chamfer-L1": 0.010698916600053758,
  "OccNet chamfer-L2": 0.0019319418952896332,
  "OccNet normal consistency": 0.9391947198963233,
  "OccNet f-scores": 0.9199889508586241,
  "DeepSDF chamfer": 0.0038638837905792664,
  "VIoU": 0.9645779728889465,
  "Dice": 0.9819696652625973,
  "pred_is_watertight": true,
  "pred_is_volume": false,
  "num_vertices": 149379,
  "num_faces": 298342,
  "case_name": "s1371",
  "seed": 2024,
  "npy_path": "/home/bsc18/workplace/dataset/Totalsegmentator_dataset_v201_Liver/ok/sampled_20000/npy/3D_Reconstruction/s1371_Segment_1.npy",
  "gt_mesh_path": "/home/bsc18/workplace/dataset/Totalsegmentator_dataset_v201_Liver/ok/sampled_20000/mesh/s1371_Segment_1.stl",
  "final_loss": 0.02109955614209175,
  "model_type": "siren",
  "hidden_features": 128,
  "hidden_layers": 3,
  "first_w0": 15.0,
  "hidden_w0": 15.0,
  "lr": 5e-05,
  "epochs": 200,
  "batch_size": 2048,
  "grid_res": 256
}