{
  "OccNet chamfer-L1": 0.0030858906296858486,
  "OccNet chamfer-L2": 4.948132227458632e-05,
  "OccNet normal consistency": 0.9747873456137763,
  "OccNet f-scores": 0.9794678356007797,
  "DeepSDF chamfer": 9.896264454917264e-05,
  "VIoU": 0.9712763428688049,
  "Dice": 0.9854289154727054,
  "pred_is_watertight": true,
  "pred_is_volume": false,
  "num_vertices": 108870,
  "num_faces": 217676,
  "case_name": "s0004",
  "seed": 2024,
  "npy_path": "/home/bsc18/workplace/dataset/Totalsegmentator_dataset_v201_Liver/ok/sampled_20000/npy/3D_Reconstruction/s0004_Segment_1.npy",
  "gt_mesh_path": "/home/bsc18/workplace/dataset/Totalsegmentator_dataset_v201_Liver/ok/sampled_20000/mesh/s0004_Segment_1.stl",
  "final_loss": 0.056177568715810776,
  "model_type": "siren",
  "hidden_features": 128,
  "hidden_layers": 3,
  "first_w0": 15.0,
  "hidden_w0": 15.0,
  "lr": 5e-05,
  "epochs": 200,
  "batch_size": 2048,
  "grid_res": 256
}