{
  "OccNet chamfer-L1": 0.003944980021838064,
  "OccNet chamfer-L2": 0.00010025238305102216,
  "OccNet normal consistency": 0.9496034792806963,
  "OccNet f-scores": 0.9363697381346415,
  "DeepSDF chamfer": 0.00020050476610204433,
  "VIoU": 0.9496378898620605,
  "Dice": 0.9741684881842317,
  "pred_is_watertight": true,
  "pred_is_volume": false,
  "num_vertices": 43968,
  "num_faces": 87868,
  "case_name": "s0933",
  "seed": 2024,
  "npy_path": "/home/bsc18/workplace/dataset/Totalsegmentator_dataset_v201_Liver/ok/sampled_20000/npy/3D_Reconstruction/s0933_Segment_1.npy",
  "gt_mesh_path": "/home/bsc18/workplace/dataset/Totalsegmentator_dataset_v201_Liver/ok/sampled_20000/mesh/s0933_Segment_1.stl",
  "final_loss": 0.05458490180373192,
  "model_type": "siren",
  "hidden_features": 128,
  "hidden_layers": 3,
  "first_w0": 15.0,
  "hidden_w0": 15.0,
  "lr": 5e-05,
  "epochs": 200,
  "batch_size": 2048,
  "grid_res": 256
}