{
  "OccNet chamfer-L1": 0.001664121386012706,
  "OccNet chamfer-L2": 1.2655811549959435e-05,
  "OccNet normal consistency": 0.9749592187344456,
  "OccNet f-scores": 0.9954203458806747,
  "DeepSDF chamfer": 2.531162309991887e-05,
  "VIoU": 0.9752575755119324,
  "Dice": 0.9874738119749877,
  "pred_is_watertight": true,
  "pred_is_volume": false,
  "num_vertices": 39700,
  "num_faces": 79380,
  "case_name": "s0933",
  "seed": 2024,
  "npy_path": "/home/bsc18/workplace/dataset/Totalsegmentator_dataset_v201_Liver/ok/sampled_20000/npy/3D_Reconstruction/s0933_Segment_1.npy",
  "gt_mesh_path": "/home/bsc18/workplace/dataset/Totalsegmentator_dataset_v201_Liver/ok/sampled_20000/mesh/s0933_Segment_1.stl",
  "final_loss": 0.03613695037961006,
  "model_type": "siren",
  "hidden_features": 128,
  "hidden_layers": 3,
  "first_w0": 15.0,
  "hidden_w0": 15.0,
  "lr": 5e-05,
  "epochs": 200,
  "batch_size": 2048,
  "grid_res": 256
}