{
  "OccNet chamfer-L1": 0.004417554572544723,
  "OccNet chamfer-L2": 0.00011693400701811019,
  "OccNet normal consistency": 0.971550858885023,
  "OccNet f-scores": 0.9444175020325417,
  "DeepSDF chamfer": 0.00023386801403622038,
  "VIoU": 0.9661167860031128,
  "Dice": 0.9827664328879668,
  "pred_is_watertight": true,
  "pred_is_volume": false,
  "num_vertices": 115830,
  "num_faces": 231576,
  "case_name": "s0206",
  "seed": 2024,
  "npy_path": "/home/bsc18/workplace/dataset/Totalsegmentator_dataset_v201_Liver/ok/sampled_20000/npy/3D_Reconstruction/s0206_Segment_1.npy",
  "gt_mesh_path": "/home/bsc18/workplace/dataset/Totalsegmentator_dataset_v201_Liver/ok/sampled_20000/mesh/s0206_Segment_1.stl",
  "final_loss": 0.057847435569763184,
  "model_type": "siren",
  "hidden_features": 128,
  "hidden_layers": 3,
  "first_w0": 15.0,
  "hidden_w0": 15.0,
  "lr": 5e-05,
  "epochs": 200,
  "batch_size": 2048,
  "grid_res": 256
}