{
  "OccNet chamfer-L1": 0.004719251944346718,
  "OccNet chamfer-L2": 0.00012427016624471185,
  "OccNet normal consistency": 0.9634135737591408,
  "OccNet f-scores": 0.9398457362374977,
  "DeepSDF chamfer": 0.0002485403324894237,
  "VIoU": 0.9645034670829773,
  "Dice": 0.9819310504035011,
  "pred_is_watertight": false,
  "pred_is_volume": false,
  "num_vertices": 133053,
  "num_faces": 265972,
  "case_name": "s0091",
  "seed": 2024,
  "npy_path": "/home/bsc18/workplace/dataset/Totalsegmentator_dataset_v201_Liver/ok/sampled_20000/npy/3D_Reconstruction/s0091_Segment_1.npy",
  "gt_mesh_path": "/home/bsc18/workplace/dataset/Totalsegmentator_dataset_v201_Liver/ok/sampled_20000/mesh/s0091_Segment_1.stl",
  "final_loss": 0.0678583613872528,
  "model_type": "siren",
  "hidden_features": 128,
  "hidden_layers": 3,
  "first_w0": 15.0,
  "hidden_w0": 15.0,
  "lr": 5e-05,
  "epochs": 200,
  "batch_size": 2048,
  "grid_res": 256
}