{
  "OccNet chamfer-L1": 0.003644768457576308,
  "OccNet chamfer-L2": 0.00010309295229549853,
  "OccNet normal consistency": 0.9740609871394137,
  "OccNet f-scores": 0.9732911412993255,
  "DeepSDF chamfer": 0.00020618590459099706,
  "VIoU": 0.9767746925354004,
  "Dice": 0.9882509171090044,
  "pred_is_watertight": true,
  "pred_is_volume": false,
  "num_vertices": 120375,
  "num_faces": 240666,
  "case_name": "s0115",
  "seed": 2024,
  "npy_path": "/home/bsc18/workplace/dataset/Totalsegmentator_dataset_v201_Liver/ok/sampled_20000/npy/3D_Reconstruction/s0115_Segment_1.npy",
  "gt_mesh_path": "/home/bsc18/workplace/dataset/Totalsegmentator_dataset_v201_Liver/ok/sampled_20000/mesh/s0115_Segment_1.stl",
  "final_loss": 0.05960381379127502,
  "model_type": "siren",
  "hidden_features": 128,
  "hidden_layers": 3,
  "first_w0": 15.0,
  "hidden_w0": 15.0,
  "lr": 5e-05,
  "epochs": 200,
  "batch_size": 2048,
  "grid_res": 256
}