{
  "OccNet chamfer-L1": 0.01311795776146818,
  "OccNet chamfer-L2": 0.003065864096998139,
  "OccNet normal consistency": 0.9398763901677545,
  "OccNet f-scores": 0.9075259934340979,
  "DeepSDF chamfer": 0.006131728193996278,
  "VIoU": 0.9641929268836975,
  "Dice": 0.9817700806720127,
  "pred_is_watertight": false,
  "pred_is_volume": false,
  "num_vertices": 145600,
  "num_faces": 290784,
  "case_name": "s1297",
  "seed": 2024,
  "npy_path": "/home/bsc18/workplace/dataset/Totalsegmentator_dataset_v201_Liver/ok/sampled_20000/npy/3D_Reconstruction/s1297_Segment_1.npy",
  "gt_mesh_path": "/home/bsc18/workplace/dataset/Totalsegmentator_dataset_v201_Liver/ok/sampled_20000/mesh/s1297_Segment_1.stl",
  "final_loss": 0.018696564039587974,
  "model_type": "siren",
  "hidden_features": 128,
  "hidden_layers": 3,
  "first_w0": 15.0,
  "hidden_w0": 15.0,
  "lr": 5e-05,
  "epochs": 200,
  "batch_size": 2048,
  "grid_res": 256
}