{
  "OccNet chamfer-L1": 0.0024204711502311344,
  "OccNet chamfer-L2": 1.5517630709271896e-05,
  "OccNet normal consistency": 0.9814735520806711,
  "OccNet f-scores": 0.9960104641951758,
  "DeepSDF chamfer": 3.103526141854379e-05,
  "VIoU": 0.9825294613838196,
  "Dice": 0.991187760514387,
  "pred_is_watertight": true,
  "pred_is_volume": false,
  "num_vertices": 119940,
  "num_faces": 239860,
  "case_name": "s0375",
  "seed": 2024,
  "npy_path": "/home/bsc18/workplace/dataset/Totalsegmentator_dataset_v201_Liver/ok/sampled_20000/npy/3D_Reconstruction/s0375_Segment_1.npy",
  "gt_mesh_path": "/home/bsc18/workplace/dataset/Totalsegmentator_dataset_v201_Liver/ok/sampled_20000/mesh/s0375_Segment_1.stl",
  "final_loss": 0.04044853184223175,
  "model_type": "siren",
  "hidden_features": 128,
  "hidden_layers": 3,
  "first_w0": 15.0,
  "hidden_w0": 15.0,
  "lr": 5e-05,
  "epochs": 200,
  "batch_size": 2048,
  "grid_res": 256
}