{
  "OccNet chamfer-L1": 0.003952025638916402,
  "OccNet chamfer-L2": 0.00019466913020334142,
  "OccNet normal consistency": 0.9755841012978699,
  "OccNet f-scores": 0.9672915863023461,
  "DeepSDF chamfer": 0.00038933826040668285,
  "VIoU": 0.9679248332977295,
  "Dice": 0.9837010266645091,
  "pred_is_watertight": true,
  "pred_is_volume": false,
  "num_vertices": 123612,
  "num_faces": 247108,
  "case_name": "s0687",
  "seed": 2024,
  "npy_path": "/home/bsc18/workplace/dataset/Totalsegmentator_dataset_v201_Liver/ok/sampled_20000/npy/3D_Reconstruction/s0687_Segment_1.npy",
  "gt_mesh_path": "/home/bsc18/workplace/dataset/Totalsegmentator_dataset_v201_Liver/ok/sampled_20000/mesh/s0687_Segment_1.stl",
  "final_loss": 0.05526453024744987,
  "model_type": "siren",
  "hidden_features": 128,
  "hidden_layers": 3,
  "first_w0": 15.0,
  "hidden_w0": 15.0,
  "lr": 5e-05,
  "epochs": 200,
  "batch_size": 2048,
  "grid_res": 256
}