{
  "OccNet chamfer-L1": 0.002332564022263673,
  "OccNet chamfer-L2": 2.088435710431229e-05,
  "OccNet normal consistency": 0.9765010325714869,
  "OccNet f-scores": 0.9888559483904891,
  "DeepSDF chamfer": 4.176871420862458e-05,
  "VIoU": 0.9783748984336853,
  "Dice": 0.9890692702744764,
  "pred_is_watertight": true,
  "pred_is_volume": false,
  "num_vertices": 90062,
  "num_faces": 180100,
  "case_name": "s0213",
  "seed": 2024,
  "npy_path": "/home/bsc18/workplace/dataset/Totalsegmentator_dataset_v201_Liver/ok/sampled_20000/npy/3D_Reconstruction/s0213_Segment_1.npy",
  "gt_mesh_path": "/home/bsc18/workplace/dataset/Totalsegmentator_dataset_v201_Liver/ok/sampled_20000/mesh/s0213_Segment_1.stl",
  "final_loss": 0.03965379658341408,
  "model_type": "siren",
  "hidden_features": 128,
  "hidden_layers": 3,
  "first_w0": 15.0,
  "hidden_w0": 15.0,
  "lr": 5e-05,
  "epochs": 200,
  "batch_size": 2048,
  "grid_res": 256
}