{
  "OccNet chamfer-L1": 0.002782934843916298,
  "OccNet chamfer-L2": 1.8424139647877177e-05,
  "OccNet normal consistency": 0.9816097259875893,
  "OccNet f-scores": 0.9944567943889991,
  "DeepSDF chamfer": 3.6848279295754354e-05,
  "VIoU": 0.9863341450691223,
  "Dice": 0.9931200490088414,
  "pred_is_watertight": true,
  "pred_is_volume": false,
  "num_vertices": 181278,
  "num_faces": 362540,
  "case_name": "s0985",
  "seed": 2024,
  "npy_path": "/home/bsc18/workplace/dataset/Totalsegmentator_dataset_v201_Liver/ok/sampled_20000/npy/3D_Reconstruction/s0985_Segment_1.npy",
  "gt_mesh_path": "/home/bsc18/workplace/dataset/Totalsegmentator_dataset_v201_Liver/ok/sampled_20000/mesh/s0985_Segment_1.stl",
  "final_loss": 0.04113329473733902,
  "model_type": "siren",
  "hidden_features": 128,
  "hidden_layers": 3,
  "first_w0": 15.0,
  "hidden_w0": 15.0,
  "lr": 5e-05,
  "epochs": 200,
  "batch_size": 2048,
  "grid_res": 256
}