{
  "OccNet chamfer-L1": 0.0028614152865052717,
  "OccNet chamfer-L2": 2.9193155311525366e-05,
  "OccNet normal consistency": 0.9788872924828702,
  "OccNet f-scores": 0.9875013968652545,
  "DeepSDF chamfer": 5.838631062305073e-05,
  "VIoU": 0.9783738851547241,
  "Dice": 0.9890687503946777,
  "pred_is_watertight": true,
  "pred_is_volume": false,
  "num_vertices": 140230,
  "num_faces": 280432,
  "case_name": "s1031",
  "seed": 2024,
  "npy_path": "/home/bsc18/workplace/dataset/Totalsegmentator_dataset_v201_Liver/ok/sampled_20000/npy/3D_Reconstruction/s1031_Segment_1.npy",
  "gt_mesh_path": "/home/bsc18/workplace/dataset/Totalsegmentator_dataset_v201_Liver/ok/sampled_20000/mesh/s1031_Segment_1.stl",
  "final_loss": 0.038829510313272475,
  "model_type": "siren",
  "hidden_features": 128,
  "hidden_layers": 3,
  "first_w0": 15.0,
  "hidden_w0": 15.0,
  "lr": 5e-05,
  "epochs": 200,
  "batch_size": 2048,
  "grid_res": 256
}